date,name,location,photos,videos,href_url,paginated_url,year,month,season,level,page
"8/1
8/8",AAU Junior Olympic Games,"Norfolk, VA",,,https://www.milesplit.com/meets/194122-aau-junior-olympic-games-2015/results,https://wa.milesplit.com/results?year=2015&month=8&season=outdoor&level=hs&page=1,2015,8,outdoor,hs,1
"8/1
8/2",States Games of America,"Lincoln, NE",,,https://ne.milesplit.com/meets/210433-states-games-of-america-2015/results,https://wa.milesplit.com/results?year=2015&month=8&season=outdoor&level=hs&page=1,2015,8,outdoor,hs,1
9/30,2A GSHL HBay @ Washougal,",",,,https://www.milesplit.com/meets/219853-2a-gshl-hbay-washougal-2015/results,https://wa.milesplit.com/results?year=2015&month=9&season=outdoor&level=hs&page=1,2015,9,outdoor,hs,1
9/30,"Auburn, Peninsula, Sumner",",",,,https://www.milesplit.com/meets/219854-auburn-peninsula-sumner-2015/results,https://wa.milesplit.com/results?year=2015&month=9&season=outdoor&level=hs&page=1,2015,9,outdoor,hs,1
9/30,Bellevue @ Liberty,"Hillsboro, OR",,,https://or.milesplit.com/meets/219779-bellevue-liberty-2015/results,https://wa.milesplit.com/results?year=2015&month=9&season=outdoor&level=hs&page=1,2015,9,outdoor,hs,1
9/30,Burlington Home Meet,"Burlington, WA",,,https://wa.milesplit.com/meets/219743-burlington-home-meet-2015/results,https://wa.milesplit.com/results?year=2015&month=9&season=outdoor&level=hs&page=1,2015,9,outdoor,hs,1
9/30,Eastside Catholic / Ingraham / Seattle Prep / Lakeside,"Seattle, WA",,,https://wa.milesplit.com/meets/219744-eastside-catholic-ingraham-seattle-prep-lakeside-2015/results,https://wa.milesplit.com/results?year=2015&month=9&season=outdoor&level=hs&page=1,2015,9,outdoor,hs,1
9/30,"Enumclaw, Lakes at Auburn Riverside","Auburn, WA",,,https://wa.milesplit.com/meets/219745-enumclaw-lakes-at-auburn-riverside-2015/results,https://wa.milesplit.com/results?year=2015&month=9&season=outdoor&level=hs&page=1,2015,9,outdoor,hs,1
9/30,"ER, PHS @ Rogers All City Meet","Puyallup, WA",,,https://wa.milesplit.com/meets/219852-er-phs-rogers-all-city-meet-2015/results,https://wa.milesplit.com/results?year=2015&month=9&season=outdoor&level=hs&page=1,2015,9,outdoor,hs,1
9/30,GK v. Spanaway Lake,"Spanaway, WA",,,https://wa.milesplit.com/meets/219746-gk-v-spanaway-lake-2015/results,https://wa.milesplit.com/results?year=2015&month=9&season=outdoor&level=hs&page=1,2015,9,outdoor,hs,1
9/30,GNL 3 Pullman @ East Valley-Spokane,"Yakima, WA",,,https://wa.milesplit.com/meets/219747-gnl-3-pullman-east-valley-spokane-2015/results,https://wa.milesplit.com/results?year=2015&month=9&season=outdoor&level=hs&page=1,2015,9,outdoor,hs,1
9/30,GNL 3 WV (Spokane) @ Clarkston,"Clarkston, WA",,,https://wa.milesplit.com/meets/219804-gnl-3-wv-spokane-clarkston-2015/results,https://wa.milesplit.com/results?year=2015&month=9&season=outdoor&level=hs&page=1,2015,9,outdoor,hs,1
9/30,GSL #3 Mead @ LC,"Spokane, WA",,,https://wa.milesplit.com/meets/219749-gsl-3-mead-lc-2015/results,https://wa.milesplit.com/results?year=2015&month=9&season=outdoor&level=hs&page=1,2015,9,outdoor,hs,1
9/30,"GSL #3 NC, MtS","Spokane, WA",,,https://wa.milesplit.com/meets/219748-gsl-3-nc-mts-2015/results,https://wa.milesplit.com/results?year=2015&month=9&season=outdoor&level=hs&page=1,2015,9,outdoor,hs,1
,https://wa.milesplit.com/results?year=2015&month=9&season=outdoor&level=hs&page=1,,,,,,,,,,
,https://wa.milesplit.com/results?year=2015&month=9&season=outdoor&level=hs&page=1,,,,,,,,,,
9/30,"GSL #3 ROGERS VS SHADLE, CV","Spokane, WA",,,https://wa.milesplit.com/meets/219750-gsl-3-rogers-vs-shadle-cv-2015/results,https://wa.milesplit.com/results?year=2015&month=9&season=outdoor&level=hs&page=1,2015,9,outdoor,hs,1
9/30,"Interlake, LW @ Mercer Island","Sacramento, CA",,,https://ca.milesplit.com/meets/219803-interlake-lw-mercer-island-2015/results,https://wa.milesplit.com/results?year=2015&month=9&season=outdoor&level=hs&page=1,2015,9,outdoor,hs,1
9/30,Juanita @ Sammamish,"Bellevue, WA",,,https://wa.milesplit.com/meets/219751-juanita-sammamish-2015/results,https://wa.milesplit.com/results?year=2015&month=9&season=outdoor&level=hs&page=1,2015,9,outdoor,hs,1
9/30,Kent-Meridian vs. Kentridge,"Kent, WA",,,https://wa.milesplit.com/meets/219752-kent-meridian-vs-kentridge-2015/results,https://wa.milesplit.com/results?year=2015&month=9&season=outdoor&level=hs&page=1,2015,9,outdoor,hs,1
9/30,Kentlake vs. Tahoma,"Maple Valley, WA",,,https://wa.milesplit.com/meets/219753-kentlake-vs-tahoma-2015/results,https://wa.milesplit.com/results?year=2015&month=9&season=outdoor&level=hs&page=1,2015,9,outdoor,hs,1
9/30,"Lynden Christitan, Squalicum, Sedro Woolley @ Mount Baker","Deming, WA",,,https://wa.milesplit.com/meets/219754-lynden-christitan-squalicum-sedro-woolley-mount-baker-2015/results,https://wa.milesplit.com/results?year=2015&month=9&season=outdoor&level=hs&page=1,2015,9,outdoor,hs,1
9/30,Mount Rainier vs. Decatur,",",,,https://www.milesplit.com/meets/219755-mount-rainier-vs-decatur-2015/results,https://wa.milesplit.com/results?year=2015&month=9&season=outdoor&level=hs&page=1,2015,9,outdoor,hs,1
9/30,Narrows Twilight,"Tacoma, WA",,,https://wa.milesplit.com/meets/219756-narrows-twilight-2015/results,https://wa.milesplit.com/results?year=2015&month=9&season=outdoor&level=hs&page=1,2015,9,outdoor,hs,1
9/30,NEA #1 Deer Park/Colville/Medical Lake,"Medical Lake, WA",,,https://wa.milesplit.com/meets/219802-nea-1-deer-parkcolvillemedical-lake-2015/results,https://wa.milesplit.com/results?year=2015&month=9&season=outdoor&level=hs&page=1,2015,9,outdoor,hs,1
9/30,NEA #1 Riverside vs. Chewelah,"Chattaroy, WA",,,https://wa.milesplit.com/meets/219757-nea-1-riverside-vs-chewelah-2015/results,https://wa.milesplit.com/results?year=2015&month=9&season=outdoor&level=hs&page=1,2015,9,outdoor,hs,1
9/30,"NWC Mer, Seh @ Lynden","Lynden, WA",,,https://wa.milesplit.com/meets/219758-nwc-mer-seh-lynden-2015/results,https://wa.milesplit.com/results?year=2015&month=9&season=outdoor&level=hs&page=1,2015,9,outdoor,hs,1
9/30,OL KSS vs SHS @ Kingston HS,"Kingston, WA",,,https://wa.milesplit.com/meets/219759-ol-kss-vs-shs-kingston-hs-2015/results,https://wa.milesplit.com/results?year=2015&month=9&season=outdoor&level=hs&page=1,2015,9,outdoor,hs,1
9/30,OL OHS vs NMHS @ Port Angeles HS,"Port Angeles, WA",,,https://wa.milesplit.com/meets/219760-ol-ohs-vs-nmhs-port-angeles-hs-2015/results,https://wa.milesplit.com/results?year=2015&month=9&season=outdoor&level=hs&page=1,2015,9,outdoor,hs,1
9/30,PTHS & NKHS @ Bremerton HS,",",,,https://www.milesplit.com/meets/219777-pths-and-nkhs-bremerton-hs-2015/results,https://wa.milesplit.com/results?year=2015&month=9&season=outdoor&level=hs&page=1,2015,9,outdoor,hs,1
9/30,R.A. Long & Woodland @ Mark Morris,"Longview, WA",,,https://wa.milesplit.com/meets/219778-ra-long-and-woodland-mark-morris-2015/results,https://wa.milesplit.com/results?year=2015&month=9&season=outdoor&level=hs&page=1,2015,9,outdoor,hs,1
9/30,"Stadium, Foss, Wilson, North Thurston","Tacoma, WA",,,https://wa.milesplit.com/meets/219801-stadium-foss-wilson-north-thurston-2015/results,https://wa.milesplit.com/results?year=2015&month=9&season=outdoor&level=hs&page=1,2015,9,outdoor,hs,1
9/30,Thomas Jefferson vs. Federal Way,"Auburn, WA",,,https://wa.milesplit.com/meets/219761-thomas-jefferson-vs-federal-way-2015/results,https://wa.milesplit.com/results?year=2015&month=9&season=outdoor&level=hs&page=1,2015,9,outdoor,hs,1
9/30,Tonasket Invite,"Tonasket, WA",,,https://wa.milesplit.com/meets/219929-tonasket-invite-2015/results,https://wa.milesplit.com/results?year=2015&month=9&season=outdoor&level=hs&page=1,2015,9,outdoor,hs,1
9/30,Trico League Meet,"North Bonneville, WA",,,https://wa.milesplit.com/meets/219762-trico-league-meet-2015/results,https://wa.milesplit.com/results?year=2015&month=9&season=outdoor&level=hs&page=1,2015,9,outdoor,hs,1
9/30,"W.F. West, Black Hills @ Tumwater","Tumwater, WA",,,https://wa.milesplit.com/meets/219763-wf-west-black-hills-tumwater-2015/results,https://wa.milesplit.com/results?year=2015&month=9&season=outdoor&level=hs&page=1,2015,9,outdoor,hs,1
9/29,ECL Meet,",",,,https://www.milesplit.com/meets/219499-ecl-meet-2015/results,https://wa.milesplit.com/results?year=2015&month=9&season=outdoor&level=hs&page=1,2015,9,outdoor,hs,1
9/29,Fort Vancouver vs Kelso,"Kelso, WA",,,https://wa.milesplit.com/meets/219647-fort-vancouver-vs-kelso-2015/results,https://wa.milesplit.com/results?year=2015&month=9&season=outdoor&level=hs&page=1,2015,9,outdoor,hs,1
9/29,"Mt. View, Columbia River, Prairie @ Battle Ground","Battle Ground, WA",,,https://wa.milesplit.com/meets/219688-mt-view-columbia-river-prairie-battle-ground-2015/results,https://wa.milesplit.com/results?year=2015&month=9&season=outdoor&level=hs&page=1,2015,9,outdoor,hs,1
9/29,Onalaska League Meet,"Onalaska, WA",,,https://wa.milesplit.com/meets/219742-onalaska-league-meet-2015/results,https://wa.milesplit.com/results?year=2015&month=9&season=outdoor&level=hs&page=1,2015,9,outdoor,hs,1
9/29,Skyview vs Evergreen,"Vancouver, WA",,,https://wa.milesplit.com/meets/219649-skyview-vs-evergreen-2015/results,https://wa.milesplit.com/results?year=2015&month=9&season=outdoor&level=hs&page=1,2015,9,outdoor,hs,1
9/29,"Union, Heritage @ Camas","Camas, WA",,,https://wa.milesplit.com/meets/219690-union-heritage-camas-2015/results,https://wa.milesplit.com/results?year=2015&month=9&season=outdoor&level=hs&page=1,2015,9,outdoor,hs,1
9/26,Knight Invite,"Tacoma, WA",,,https://wa.milesplit.com/meets/219450-2nd-annual-knight-invite-2015/results,https://wa.milesplit.com/results?year=2015&month=9&season=outdoor&level=hs&page=1,2015,9,outdoor,hs,1
9/26,Mount Baker Invitational,"Silver Lake, WA",,,https://wa.milesplit.com/meets/219452-41st-annual-mount-baker-invitational-2015/results,https://wa.milesplit.com/results?year=2015&month=9&season=outdoor&level=hs&page=1,2015,9,outdoor,hs,1
9/26,King's Crossing Invitational,"Shoreline, WA",,,https://wa.milesplit.com/meets/219460-9th-kings-crossing-invitational-2015/results,https://wa.milesplit.com/results?year=2015&month=9&season=outdoor&level=hs&page=1,2015,9,outdoor,hs,1
9/26,Bellevue Invitational,"Issaquah, WA",,,https://wa.milesplit.com/meets/214289-bellevue-invitational-2015/results,https://wa.milesplit.com/results?year=2015&month=9&season=outdoor&level=hs&page=1,2015,9,outdoor,hs,1
9/26,Bob Firman Invitational,"Eagle, ID",,,https://id.milesplit.com/meets/214375-bob-firman-invitational-2015/results,https://wa.milesplit.com/results?year=2015&month=9&season=outdoor&level=hs&page=1,2015,9,outdoor,hs,1
9/26,Connell Invitational,"Connell, WA",,,https://wa.milesplit.com/meets/214290-connell-invitational-2015/results,https://wa.milesplit.com/results?year=2015&month=9&season=outdoor&level=hs&page=1,2015,9,outdoor,hs,1
9/26,Montesano Invitational,"Montesano, WA",,,https://wa.milesplit.com/meets/214291-montesano-invitational-2015/results,https://wa.milesplit.com/results?year=2015&month=9&season=outdoor&level=hs&page=1,2015,9,outdoor,hs,1
9/26,Nike Portland XC Invite,"Portland, OR",,,https://or.milesplit.com/meets/206488-nike-portland-xc-invite-2015/results,https://wa.milesplit.com/results?year=2015&month=9&season=outdoor&level=hs&page=1,2015,9,outdoor,hs,1
9/26,Northwest Classic,"Eugene, OR",,,https://or.milesplit.com/meets/216543-northwest-classic-2015/results,https://wa.milesplit.com/results?year=2015&month=9&season=outdoor&level=hs&page=1,2015,9,outdoor,hs,1
9/25,Evergreen 1A/2A Rochester,"Rochester, WA",,,https://wa.milesplit.com/meets/219321-evergreen-1a2a-rochester-2015/results,https://wa.milesplit.com/results?year=2015&month=9&season=outdoor&level=hs&page=1,2015,9,outdoor,hs,1
9/25,"Wil,Timb,Cap,Yelm, Lin @ Oly","Olympia, WA",,,https://wa.milesplit.com/meets/219497-wiltimbcapyelm-lin-oly-2015/results,https://wa.milesplit.com/results?year=2015&month=9&season=outdoor&level=hs&page=1,2015,9,outdoor,hs,1
9/24,"Cascade, Arlington, Shorewood & Snohomish","Everett, WA",,,https://wa.milesplit.com/meets/219310-cascade-arlington-shorewood-and-snohomish-2015/results,https://wa.milesplit.com/results?year=2015&month=9&season=outdoor&level=hs&page=1,2015,9,outdoor,hs,1
9/24,CWAC League - Eph/Qui/Top@Pro,"Prosser, WA",,,https://wa.milesplit.com/meets/219373-cwac-league-ephquitoppro-2015/results,https://wa.milesplit.com/results?year=2015&month=9&season=outdoor&level=hs&page=2,2015,9,outdoor,hs,2
9/24,CWAC League: East Valley & Othello @ Selah,"Yakima, WA",,,https://wa.milesplit.com/meets/219319-cwac-league-east-valley-and-othello-selah-2015/results,https://wa.milesplit.com/results?year=2015&month=9&season=outdoor&level=hs&page=2,2015,9,outdoor,hs,2
9/24,CWAC League: Wapato & Grandview @ Ellensburg,"Ellensburg, WA",,,https://wa.milesplit.com/meets/219320-cwac-league-wapato-and-grandview-ellensburg-2015/results,https://wa.milesplit.com/results?year=2015&month=9&season=outdoor&level=hs&page=2,2015,9,outdoor,hs,2
9/24,Evergreen 1A/2A Aberdeen,"Aberdeen, WA",,,https://wa.milesplit.com/meets/219857-evergreen-1a2a-aberdeen-2015/results,https://wa.milesplit.com/results?year=2015&month=9&season=outdoor&level=hs&page=2,2015,9,outdoor,hs,2
9/24,Garfield Meet,"Seattle, WA",,,https://wa.milesplit.com/meets/219322-garfield-meet-2015/results,https://wa.milesplit.com/results?year=2015&month=9&season=outdoor&level=hs&page=2,2015,9,outdoor,hs,2
9/24,"Lynnwood, Jackson, Shorecrest @ Lynnwood","Bothell, WA",,,https://wa.milesplit.com/meets/219856-lynnwood-jackson-shorecrest-lynnwood-2015/results,https://wa.milesplit.com/results?year=2015&month=9&season=outdoor&level=hs&page=2,2015,9,outdoor,hs,2
9/24,MCC League Meet #1,"Wenatchee, WA",,,https://wa.milesplit.com/meets/219323-mcc-league-meet-1-2015/results,https://wa.milesplit.com/results?year=2015&month=9&season=outdoor&level=hs&page=2,2015,9,outdoor,hs,2
9/24,"MGHS, Meadowdale, Mariner @ EWHS","Lynnwood, WA",,,https://wa.milesplit.com/meets/219371-mghs-meadowdale-mariner-ewhs-2015/results,https://wa.milesplit.com/results?year=2015&month=9&season=outdoor&level=hs&page=2,2015,9,outdoor,hs,2
9/24,"Pilchuck, Lk Stevens, Terrace","Marysville, WA",,,https://wa.milesplit.com/meets/219324-pilchuck-lk-stevens-terrace-2015/results,https://wa.milesplit.com/results?year=2015&month=9&season=outdoor&level=hs&page=2,2015,9,outdoor,hs,2
9/24,Seamount Dual Meet,"Seattle, WA",,,https://wa.milesplit.com/meets/219858-seamount-dual-meet-2015/results,https://wa.milesplit.com/results?year=2015&month=9&season=outdoor&level=hs&page=2,2015,9,outdoor,hs,2
9/24,Seamount League meet,"SeaTac, WA",,,https://wa.milesplit.com/meets/219325-seamount-league-meet-2015/results,https://wa.milesplit.com/results?year=2015&month=9&season=outdoor&level=hs&page=2,2015,9,outdoor,hs,2
9/23,"Bham ""City Meet""","Bellingham, WA",,,https://wa.milesplit.com/meets/219259-bham-city-meet-2015/results,https://wa.milesplit.com/results?year=2015&month=9&season=outdoor&level=hs&page=2,2015,9,outdoor,hs,2
,https://wa.milesplit.com/results?year=2015&month=9&season=outdoor&level=hs&page=2,,,,,,,,,,
,https://wa.milesplit.com/results?year=2015&month=9&season=outdoor&level=hs&page=2,,,,,,,,,,
9/23,"Bonney Lake, Peninsula, Auburn Riverside",",",,,https://www.milesplit.com/meets/219260-bonney-lake-peninsula-auburn-riverside-2015/results,https://wa.milesplit.com/results?year=2015&month=9&season=outdoor&level=hs&page=2,2015,9,outdoor,hs,2
9/23,"Bothell, Issaquah at Inglemoor","Kenmore, WA",,,https://wa.milesplit.com/meets/219261-bothell-issaquah-at-inglemoor-2015/results,https://wa.milesplit.com/results?year=2015&month=9&season=outdoor&level=hs&page=2,2015,9,outdoor,hs,2
9/23,"Centralia, Tumwater at W.F. West","Chehalis, WA",,,https://wa.milesplit.com/meets/219262-centralia-tumwater-at-wf-west-2015/results,https://wa.milesplit.com/results?year=2015&month=9&season=outdoor&level=hs&page=2,2015,9,outdoor,hs,2
9/23,Emerald Ridge vs Spanaway Lake,"Graham, WA",,,https://wa.milesplit.com/meets/219263-emerald-ridge-vs-spanaway-lake-2015/results,https://wa.milesplit.com/results?year=2015&month=9&season=outdoor&level=hs&page=2,2015,9,outdoor,hs,2
9/23,Federal Way vs. Mount Rainier,"Federal Way, WA",,,https://wa.milesplit.com/meets/219264-federal-way-vs-mount-rainier-2015/results,https://wa.milesplit.com/results?year=2015&month=9&season=outdoor&level=hs&page=2,2015,9,outdoor,hs,2
9/23,Franklin / Lakeside / Blanchet / Nathan Hale / Bainbridge,"Seattle, WA",,,https://wa.milesplit.com/meets/219247-franklin-lakeside-blanchet-nathan-hale-bainbridge-2015/results,https://wa.milesplit.com/results?year=2015&month=9&season=outdoor&level=hs&page=2,2015,9,outdoor,hs,2
9/23,"GK, Bethel at Puyallup","Puyallup, WA",,,https://wa.milesplit.com/meets/219265-gk-bethel-at-puyallup-2015/results,https://wa.milesplit.com/results?year=2015&month=9&season=outdoor&level=hs&page=2,2015,9,outdoor,hs,2
9/23,GNL East Valley at West Valley,"Spokane Valley, WA",,,https://wa.milesplit.com/meets/219266-gnl-east-valley-at-west-valley-2015/results,https://wa.milesplit.com/results?year=2015&month=9&season=outdoor&level=hs&page=2,2015,9,outdoor,hs,2
9/23,"GSL #2 NC, Ferris, CV","Spokane, WA",,,https://wa.milesplit.com/meets/219268-gsl-2-nc-ferris-cv-2015/results,https://wa.milesplit.com/results?year=2015&month=9&season=outdoor&level=hs&page=2,2015,9,outdoor,hs,2
9/23,GSL #2 Rogers vs. Mead,"Spokane, WA",,,https://wa.milesplit.com/meets/219269-gsl-2-rogers-vs-mead-2015/results,https://wa.milesplit.com/results?year=2015&month=9&season=outdoor&level=hs&page=2,2015,9,outdoor,hs,2
9/23,"GSL #2 Shadle, GPrep @ LC","Spokane, WA",,,https://wa.milesplit.com/meets/219270-gsl-2-shadle-gprep-lc-2015/results,https://wa.milesplit.com/results?year=2015&month=9&season=outdoor&level=hs&page=2,2015,9,outdoor,hs,2
9/23,GSL #2 U-High/MSHS,"Mead, WA",,,https://wa.milesplit.com/meets/219271-gsl-2-u-highmshs-2015/results,https://wa.milesplit.com/results?year=2015&month=9&season=outdoor&level=hs&page=2,2015,9,outdoor,hs,2
9/23,"Interlake, LW @ Bellevue","Bellevue, WA",,,https://wa.milesplit.com/meets/219272-interlake-lw-bellevue-2015/results,https://wa.milesplit.com/results?year=2015&month=9&season=outdoor&level=hs&page=2,2015,9,outdoor,hs,2
9/23,Juanita @ Liberty,"Renton, WA",,,https://wa.milesplit.com/meets/219273-juanita-liberty-2015/results,https://wa.milesplit.com/results?year=2015&month=9&season=outdoor&level=hs&page=2,2015,9,outdoor,hs,2
9/23,"Lakes, Sumner, Auburn Mountainview","Lakewood, WA",,,https://wa.milesplit.com/meets/219274-lakes-sumner-auburn-mountainview-2015/results,https://wa.milesplit.com/results?year=2015&month=9&season=outdoor&level=hs&page=2,2015,9,outdoor,hs,2
9/23,Mtn View vs Union,"Camas, WA",,,https://wa.milesplit.com/meets/219161-mtn-view-vs-union-2015/results,https://wa.milesplit.com/results?year=2015&month=9&season=outdoor&level=hs&page=2,2015,9,outdoor,hs,2
9/23,"NWC LC,NV at Lynden","Lynden, WA",,,https://wa.milesplit.com/meets/219275-nwc-lcnv-at-lynden-2015/results,https://wa.milesplit.com/results?year=2015&month=9&season=outdoor&level=hs&page=2,2015,9,outdoor,hs,2
9/23,"NWC Meridian, Mt. Baker @ Blaine","Blaine, WA",,,https://wa.milesplit.com/meets/219276-nwc-meridian-mt-baker-blaine-2015/results,https://wa.milesplit.com/results?year=2015&month=9&season=outdoor&level=hs&page=2,2015,9,outdoor,hs,2
9/23,OL KHS vs BHS @ PAHS,"Port Angeles, WA",,,https://wa.milesplit.com/meets/219277-ol-khs-vs-bhs-pahs-2015/results,https://wa.milesplit.com/results?year=2015&month=9&season=outdoor&level=hs&page=2,2015,9,outdoor,hs,2
9/23,OL NMHS vs PTHS @ KSS,"Silverdale, WA",,,https://wa.milesplit.com/meets/219278-ol-nmhs-vs-pths-kss-2015/results,https://wa.milesplit.com/results?year=2015&month=9&season=outdoor&level=hs&page=2,2015,9,outdoor,hs,2
9/23,OL OHS vs NKHS @ Sequim,"Sequim, WA",,,https://wa.milesplit.com/meets/219279-ol-ohs-vs-nkhs-sequim-2015/results,https://wa.milesplit.com/results?year=2015&month=9&season=outdoor&level=hs&page=2,2015,9,outdoor,hs,2
9/23,Rogers at Curtis,"University Place, WA",,,https://wa.milesplit.com/meets/219280-rogers-at-curtis-2015/results,https://wa.milesplit.com/results?year=2015&month=9&season=outdoor&level=hs&page=2,2015,9,outdoor,hs,2
9/23,Roosevelt / O'Dea / Holy Names,"Seattle, WA",,,https://wa.milesplit.com/meets/219281-roosevelt-odea-holy-names-2015/results,https://wa.milesplit.com/results?year=2015&month=9&season=outdoor&level=hs&page=2,2015,9,outdoor,hs,2
9/23,Tahoma vs. Kent-Meridian,"Kent, WA",,,https://wa.milesplit.com/meets/219246-tahoma-vs-kent-meridian-2015/results,https://wa.milesplit.com/results?year=2015&month=9&season=outdoor&level=hs&page=2,2015,9,outdoor,hs,2
9/23,Todd Beamer vs. Thomas Jefferson,"Federal Way, WA",,,https://wa.milesplit.com/meets/219244-todd-beamer-vs-thomas-jefferson-2015/results,https://wa.milesplit.com/results?year=2015&month=9&season=outdoor&level=hs&page=2,2015,9,outdoor,hs,2
9/23,Trico 1A hosted,"Castle Rock, WA",,,https://wa.milesplit.com/meets/219241-trico-1a-hosted-by-castle-rock-2015/results,https://wa.milesplit.com/results?year=2015&month=9&season=outdoor&level=hs&page=2,2015,9,outdoor,hs,2
9/23,Trico 1A Hosted,"Chehalis, WA",,,https://wa.milesplit.com/meets/219240-trico-1a-hosted-by-kalama-2015/results,https://wa.milesplit.com/results?year=2015&month=9&season=outdoor&level=hs&page=2,2015,9,outdoor,hs,2
9/22,District 7 1B/2B @ Wellpinit,"Wellpinit, WA",,,https://wa.milesplit.com/meets/219799-district-7-1b2b-wellpinit-2015/results,https://wa.milesplit.com/results?year=2015&month=9&season=outdoor&level=hs&page=2,2015,9,outdoor,hs,2
9/22,District 7 1B/2B at Northwest Christian,"Colbert, WA",,,https://wa.milesplit.com/meets/219158-district-7-1b2b-at-northwest-christian-2015/results,https://wa.milesplit.com/results?year=2015&month=9&season=outdoor&level=hs&page=2,2015,9,outdoor,hs,2
9/22,ECL / Nisqually League  Meet #2,"Seattle, WA",,,https://wa.milesplit.com/meets/219800-ecl-nisqually-league-xc-meet-2-2015/results,https://wa.milesplit.com/results?year=2015&month=9&season=outdoor&level=hs&page=2,2015,9,outdoor,hs,2
9/22,ECL/Nisqually Meet,"Seattle, WA",,,https://wa.milesplit.com/meets/219159-eclnisqually-meet-2015/results,https://wa.milesplit.com/results?year=2015&month=9&season=outdoor&level=hs&page=2,2015,9,outdoor,hs,2
9/22,GSHL 2A Meet,"Woodland, WA",,,https://wa.milesplit.com/meets/219152-gshl-2a-meet-2015/results,https://wa.milesplit.com/results?year=2015&month=9&season=outdoor&level=hs&page=2,2015,9,outdoor,hs,2
9/22,"Heritage, Battleground at Evergreen","Vancouver, WA",,,https://wa.milesplit.com/meets/219160-heritage-battleground-at-evergreen-2015/results,https://wa.milesplit.com/results?year=2015&month=9&season=outdoor&level=hs&page=2,2015,9,outdoor,hs,2
9/22,ob Nollan Classic Lewis & Clark Trail Race,"Toledo, WA",,,https://wa.milesplit.com/meets/219282-ob-nollan-classic-lewis-and-clark-trail-race-2015/results,https://wa.milesplit.com/results?year=2015&month=9&season=outdoor&level=hs&page=2,2015,9,outdoor,hs,2
9/22,Skyview at Camas,"Camas, WA",,,https://wa.milesplit.com/meets/219174-skyview-at-camas-2015/results,https://wa.milesplit.com/results?year=2015&month=9&season=outdoor&level=hs&page=2,2015,9,outdoor,hs,2
9/19,Apple Ridge Invitational,"Anacortes, WA",,,https://wa.milesplit.com/meets/214283-apple-ridge-invitational-2015/results,https://wa.milesplit.com/results?year=2015&month=9&season=outdoor&level=hs&page=2,2015,9,outdoor,hs,2
9/19,Fort Steilacoom Invitational,"Lakewood, WA",,,https://wa.milesplit.com/meets/214284-fort-steilacoom-invitational-2015/results,https://wa.milesplit.com/results?year=2015&month=9&season=outdoor&level=hs&page=2,2015,9,outdoor,hs,2
9/19,Iolani  Invitational at Kualoa Ranch,"Pahoa, HI",,,https://hi.milesplit.com/meets/217294-iolani-cross-country-invitational-at-kualoa-ranch-2015/results,https://wa.milesplit.com/results?year=2015&month=9&season=outdoor&level=hs&page=2,2015,9,outdoor,hs,2
9/19,Runners Soul Erik Anderson Invitational,"Spokane Valley, WA",,,https://wa.milesplit.com/meets/217122-runners-soul-erik-anderson-invitational-2015/results,https://wa.milesplit.com/results?year=2015&month=9&season=outdoor&level=hs&page=3,2015,9,outdoor,hs,3
9/19,Runners Soul Erik Anderson Invitational,"Spokane Valley, WA",,,https://wa.milesplit.com/meets/218964-runners-soul-erik-anderson-invitational-2015/results,https://wa.milesplit.com/results?year=2015&month=9&season=outdoor&level=hs&page=3,2015,9,outdoor,hs,3
9/19,Salt Creek Invitational,"Port Angeles, WA",,,https://wa.milesplit.com/meets/214282-salt-creek-invitational-2015/results,https://wa.milesplit.com/results?year=2015&month=9&season=outdoor&level=hs&page=3,2015,9,outdoor,hs,3
9/19,Seaport Invitational,",",,,https://www.milesplit.com/meets/214286-seaport-invitational-2015/results,https://wa.milesplit.com/results?year=2015&month=9&season=outdoor&level=hs&page=3,2015,9,outdoor,hs,3
9/19,South Whidbey Invitational,"Langley, WA",,,https://wa.milesplit.com/meets/214287-south-whidbey-invitational-2015/results,https://wa.milesplit.com/results?year=2015&month=9&season=outdoor&level=hs&page=3,2015,9,outdoor,hs,3
9/19,Sundodger Invitational,"Seattle, WA",,,https://wa.milesplit.com/meets/214288-sundodger-invitational-2015/results,https://wa.milesplit.com/results?year=2015&month=9&season=outdoor&level=hs&page=3,2015,9,outdoor,hs,3
9/18,Lakeside / Blanchet / Garfield / Rainier Beach / Bellarmine,"Seattle, WA",,,https://wa.milesplit.com/meets/218894-lakeside-blanchet-garfield-rainier-beach-bellarmine-2015/results,https://wa.milesplit.com/results?year=2015&month=9&season=outdoor&level=hs&page=3,2015,9,outdoor,hs,3
9/17,1A/2A Evergreen Eatonville,"Eatonville, WA",,,https://wa.milesplit.com/meets/218889-1a2a-evergreen-eatonville-2015/results,https://wa.milesplit.com/results?year=2015&month=9&season=outdoor&level=hs&page=3,2015,9,outdoor,hs,3
9/17,Big 9 4A League Meet #1,"Yakima, WA",,,https://wa.milesplit.com/meets/218890-big-9-4a-league-meet-1-2015/results,https://wa.milesplit.com/results?year=2015&month=9&season=outdoor&level=hs&page=3,2015,9,outdoor,hs,3
9/17,Evergreen League Forks,"Forks, WA",,,https://wa.milesplit.com/meets/218921-evergreen-league-forks-2015/results,https://wa.milesplit.com/results?year=2015&month=9&season=outdoor&level=hs&page=3,2015,9,outdoor,hs,3
9/17,Harriers at the Beach,"Ocean Shores, WA",,,https://wa.milesplit.com/meets/218891-harriers-at-the-beach-2015/results,https://wa.milesplit.com/results?year=2015&month=9&season=outdoor&level=hs&page=3,2015,9,outdoor,hs,3
9/17,Marysville Getchell Quad,"Marysville, WA",,,https://wa.milesplit.com/meets/218892-marysville-getchell-quad-2015/results,https://wa.milesplit.com/results?year=2015&month=9&season=outdoor&level=hs&page=3,2015,9,outdoor,hs,3
,https://wa.milesplit.com/results?year=2015&month=9&season=outdoor&level=hs&page=3,,,,,,,,,,
,https://wa.milesplit.com/results?year=2015&month=9&season=outdoor&level=hs&page=3,,,,,,,,,,
9/17,O'Dea Meet,"Seattle, WA",,,https://wa.milesplit.com/meets/218893-odea-meet-2015/results,https://wa.milesplit.com/results?year=2015&month=9&season=outdoor&level=hs&page=3,2015,9,outdoor,hs,3
9/17,Orting Triangular,"Orting, WA",,,https://wa.milesplit.com/meets/218919-orting-triangular-2015/results,https://wa.milesplit.com/results?year=2015&month=9&season=outdoor&level=hs&page=3,2015,9,outdoor,hs,3
9/17,SKSD Jr High Jamboree,"Port Orchard, WA",,,https://wa.milesplit.com/meets/218913-sksd-jr-high-jamboree-2015/results,https://wa.milesplit.com/results?year=2015&month=9&season=outdoor&level=hs&page=3,2015,9,outdoor,hs,3
9/17,"Wesco: Terrace,EW,Stanwood","Ballinger, TX",,,https://tx.milesplit.com/meets/218915-wesco-terraceewstanwood-2015/results,https://wa.milesplit.com/results?year=2015&month=9&season=outdoor&level=hs&page=3,2015,9,outdoor,hs,3
9/16,Archbishop Murphy,"Everett, WA",,,https://wa.milesplit.com/meets/216978-archbishop-murphy-2015/results,https://wa.milesplit.com/results?year=2015&month=9&season=outdoor&level=hs&page=3,2015,9,outdoor,hs,3
9/16,Curtis vs. Bethel,"Graham, WA",,,https://wa.milesplit.com/meets/216965-curtis-vs-bethel-2015/results,https://wa.milesplit.com/results?year=2015&month=9&season=outdoor&level=hs&page=3,2015,9,outdoor,hs,3
9/16,Federal Way vs. Decatur,"Federal Way, WA",,,https://wa.milesplit.com/meets/216966-federal-way-vs-decatur-2015/results,https://wa.milesplit.com/results?year=2015&month=9&season=outdoor&level=hs&page=3,2015,9,outdoor,hs,3
9/16,Gig Harbor Meet,"Gig Harbor, WA",,,https://wa.milesplit.com/meets/216969-gig-harbor-meet-2015/results,https://wa.milesplit.com/results?year=2015&month=9&season=outdoor&level=hs&page=3,2015,9,outdoor,hs,3
9/16,GNL 1 Cheney vs East Valley-Spokane,"Spokane Valley, WA",,,https://wa.milesplit.com/meets/218875-gnl-1-cheney-vs-east-valley-spokane-2015/results,https://wa.milesplit.com/results?year=2015&month=9&season=outdoor&level=hs&page=3,2015,9,outdoor,hs,3
9/16,GNL 3 WV (Spokane) at Pullman,"Pullman, WA",,,https://wa.milesplit.com/meets/218876-gnl-3-wv-spokane-at-pullman-2015/results,https://wa.milesplit.com/results?year=2015&month=9&season=outdoor&level=hs&page=3,2015,9,outdoor,hs,3
9/16,GNL Meet North Central/Mt Spokane,"Spokane Valley, WA",,,https://wa.milesplit.com/meets/218881-gnl-meet-north-centralmt-spokane-2015/results,https://wa.milesplit.com/results?year=2015&month=9&season=outdoor&level=hs&page=3,2015,9,outdoor,hs,3
9/16,"GSL #1 GP, Mead, NC","Spokane Valley, WA",,,https://wa.milesplit.com/meets/218878-gsl-1-gp-mead-nc-2015/results,https://wa.milesplit.com/results?year=2015&month=9&season=outdoor&level=hs&page=3,2015,9,outdoor,hs,3
9/16,"GSL #1 Shadle Park, University","Spokane, WA",,,https://wa.milesplit.com/meets/218880-gsl-1-shadle-park-university-2015/results,https://wa.milesplit.com/results?year=2015&month=9&season=outdoor&level=hs&page=3,2015,9,outdoor,hs,3
9/16,Hood River Skip Sparks Invitational,"Hood River, Or",,,https://or.milesplit.com/meets/216506-hood-river-skip-sparks-invitational-2015/results,https://wa.milesplit.com/results?year=2015&month=9&season=outdoor&level=hs&page=3,2015,9,outdoor,hs,3
9/16,Juanita Triangular,"Kenmore, WA",,,https://wa.milesplit.com/meets/216962-juanita-triangular-2015/results,https://wa.milesplit.com/results?year=2015&month=9&season=outdoor&level=hs&page=3,2015,9,outdoor,hs,3
9/16,Meridian Quad,"Bellingham, WA",,,https://wa.milesplit.com/meets/216964-meridian-quad-2015/results,https://wa.milesplit.com/results?year=2015&month=9&season=outdoor&level=hs&page=3,2015,9,outdoor,hs,3
9/16,Meridian vs. Kentlake,"Kent, WA",,,https://wa.milesplit.com/meets/216977-meridian-vs-kentlake-2015/results,https://wa.milesplit.com/results?year=2015&month=9&season=outdoor&level=hs&page=3,2015,9,outdoor,hs,3
9/16,Mount Rainier vs. Todd Beamer,",",,,https://www.milesplit.com/meets/216981-mount-rainier-vs-todd-beamer-2015/results,https://wa.milesplit.com/results?year=2015&month=9&season=outdoor&level=hs&page=3,2015,9,outdoor,hs,3
9/16,Nooksack Valley Meet,"Everson, WA",,,https://wa.milesplit.com/meets/216982-nooksack-valley-meet-2015/results,https://wa.milesplit.com/results?year=2015&month=9&season=outdoor&level=hs&page=3,2015,9,outdoor,hs,3
9/16,North Kitsap Triangular,"Poulsbo, WA",,,https://wa.milesplit.com/meets/218882-north-kitsap-triangular-2015/results,https://wa.milesplit.com/results?year=2015&month=9&season=outdoor&level=hs&page=3,2015,9,outdoor,hs,3
9/16,Pre-Salmon Race,"Sultan, WA",,,https://wa.milesplit.com/meets/218884-pre-salmon-race-2015/results,https://wa.milesplit.com/results?year=2015&month=9&season=outdoor&level=hs&page=3,2015,9,outdoor,hs,3
9/16,Ridgefield vs Mark Morris,"Longview, WA",,,https://wa.milesplit.com/meets/218885-ridgefield-vs-mark-morris-2015/results,https://wa.milesplit.com/results?year=2015&month=9&season=outdoor&level=hs&page=3,2015,9,outdoor,hs,3
9/16,Rogers vs. Ferris,"Spokane, WA",,,https://wa.milesplit.com/meets/218879-rogers-vs-ferris-2015/results,https://wa.milesplit.com/results?year=2015&month=9&season=outdoor&level=hs&page=3,2015,9,outdoor,hs,3
9/16,Sammamish at LW,"Redmond, WA",,,https://wa.milesplit.com/meets/218912-sammamish-at-lw-2015/results,https://wa.milesplit.com/results?year=2015&month=9&season=outdoor&level=hs&page=3,2015,9,outdoor,hs,3
9/16,Sequim Meet,"Sequim, WA",,,https://wa.milesplit.com/meets/216983-sequim-meet-2015/results,https://wa.milesplit.com/results?year=2015&month=9&season=outdoor&level=hs&page=3,2015,9,outdoor,hs,3
9/16,Shelton Meet,"Shelton, WA",,,https://wa.milesplit.com/meets/218883-shelton-meet-2015/results,https://wa.milesplit.com/results?year=2015&month=9&season=outdoor&level=hs&page=3,2015,9,outdoor,hs,3
9/16,Shorecrest Quad,"Shoreline, WA",,,https://wa.milesplit.com/meets/218886-shorecrest-quad-2015/results,https://wa.milesplit.com/results?year=2015&month=9&season=outdoor&level=hs&page=3,2015,9,outdoor,hs,3
9/16,SP/Hale/Franklin/Ing/Bainbridge,"Seattle, WA",,,https://wa.milesplit.com/meets/218910-sphalefrankliningbainbridge-2015/results,https://wa.milesplit.com/results?year=2015&month=9&season=outdoor&level=hs&page=3,2015,9,outdoor,hs,3
9/16,Squalicum Triangular,"Bellingham, WA",,,https://wa.milesplit.com/meets/216979-squalicum-triangular-2015/results,https://wa.milesplit.com/results?year=2015&month=9&season=outdoor&level=hs&page=3,2015,9,outdoor,hs,3
9/16,Tahoma vs. Kentwood,"Maple Valley, WA",,,https://wa.milesplit.com/meets/218887-tahoma-vs-kentwood-2015/results,https://wa.milesplit.com/results?year=2015&month=9&season=outdoor&level=hs&page=3,2015,9,outdoor,hs,3
9/16,Trico League,"Vancouver, WA",,,https://wa.milesplit.com/meets/218888-trico-league-2015/results,https://wa.milesplit.com/results?year=2015&month=9&season=outdoor&level=hs&page=3,2015,9,outdoor,hs,3
9/15,Bridgeport Invitational,"Bridgeport, WA",,,https://wa.milesplit.com/meets/216956-bridgeport-invitational-2015/results,https://wa.milesplit.com/results?year=2015&month=9&season=outdoor&level=hs&page=3,2015,9,outdoor,hs,3
9/15,District 7 1B/2B League Opener,"Harrington, WA",,,https://wa.milesplit.com/meets/216958-district-7-1b2b-league-opener-2015/results,https://wa.milesplit.com/results?year=2015&month=9&season=outdoor&level=hs&page=3,2015,9,outdoor,hs,3
9/15,District 7 1B/2B League Opener,"Spokane, WA",,,https://wa.milesplit.com/meets/218962-district-7-1b2b-league-opener-2015/results,https://wa.milesplit.com/results?year=2015&month=9&season=outdoor&level=hs&page=3,2015,9,outdoor,hs,3
9/15,ECL Meet,"Seattle, WA",,,https://wa.milesplit.com/meets/216960-ecl-meet-2015/results,https://wa.milesplit.com/results?year=2015&month=9&season=outdoor&level=hs&page=3,2015,9,outdoor,hs,3
9/15,Heritage Quad,"Vancouver, WA",,,https://wa.milesplit.com/meets/218755-heritage-quad-2015/results,https://wa.milesplit.com/results?year=2015&month=9&season=outdoor&level=hs&page=3,2015,9,outdoor,hs,3
9/15,Nisqually League: Vashon Host,"Vashon, WA",,,https://wa.milesplit.com/meets/216961-nisqually-league-vashon-host-2015/results,https://wa.milesplit.com/results?year=2015&month=9&season=outdoor&level=hs&page=3,2015,9,outdoor,hs,3
9/15,Skyview Triangular,"Ridgefield, WA",,,https://wa.milesplit.com/meets/216955-skyview-triangular-2015/results,https://wa.milesplit.com/results?year=2015&month=9&season=outdoor&level=hs&page=3,2015,9,outdoor,hs,3
9/12,Asotin  Island Run Invitational,"Clarkston, WA",,,https://wa.milesplit.com/meets/214274-asotin-xc-island-run-invitational-2015/results,https://wa.milesplit.com/results?year=2015&month=9&season=outdoor&level=hs&page=4,2015,9,outdoor,hs,4
9/12,Capital Invitational,"Olympia, WA",,,https://wa.milesplit.com/meets/214275-capital-invitational-2015/results,https://wa.milesplit.com/results?year=2015&month=9&season=outdoor&level=hs&page=4,2015,9,outdoor,hs,4
9/12,Ellensburg Invitational,"Ellensburg, WA",,,https://wa.milesplit.com/meets/214276-ellensburg-invitational-2015/results,https://wa.milesplit.com/results?year=2015&month=9&season=outdoor&level=hs&page=4,2015,9,outdoor,hs,4
9/12,Highlander Invitational,"Spokane, WA",,,https://wa.milesplit.com/meets/214277-highlander-invitational-2015/results,https://wa.milesplit.com/results?year=2015&month=9&season=outdoor&level=hs&page=4,2015,9,outdoor,hs,4
9/12,Moses Lake Invitational,"Anacortes, WA",,,https://wa.milesplit.com/meets/214278-moses-lake-invitational-2015/results,https://wa.milesplit.com/results?year=2015&month=9&season=outdoor&level=hs&page=4,2015,9,outdoor,hs,4
9/12,Ocosta Invitational,"Ocasta, WA",,,https://wa.milesplit.com/meets/214279-ocosta-invitational-2015/results,https://wa.milesplit.com/results?year=2015&month=9&season=outdoor&level=hs&page=4,2015,9,outdoor,hs,4
9/12,Saxon Invite,"Salem, OR",,,https://or.milesplit.com/meets/216494-saxon-invite-2015/results,https://wa.milesplit.com/results?year=2015&month=9&season=outdoor&level=hs&page=4,2015,9,outdoor,hs,4
9/12,Sehome Invitational,"Bellingham, WA",,,https://wa.milesplit.com/meets/214280-sehome-invitational-2015/results,https://wa.milesplit.com/results?year=2015&month=9&season=outdoor&level=hs&page=4,2015,9,outdoor,hs,4
9/12,The Bellarmine Invitational,"Tacoma, WA",,,https://wa.milesplit.com/meets/214273-the-bellarmine-invitational-2015/results,https://wa.milesplit.com/results?year=2015&month=9&season=outdoor&level=hs&page=4,2015,9,outdoor,hs,4
9/12,Tracy Walters Invitational,"Spokane, WA",,,https://wa.milesplit.com/meets/214281-tracy-walters-invitational-2015/results,https://wa.milesplit.com/results?year=2015&month=9&season=outdoor&level=hs&page=4,2015,9,outdoor,hs,4
9/11,Run-A-Ree,"Vancouver, WA",,,https://wa.milesplit.com/meets/216952-run-a-ree-2015/results,https://wa.milesplit.com/results?year=2015&month=9&season=outdoor&level=hs&page=4,2015,9,outdoor,hs,4
9/10,3A Kingco Meet,"Issaquah, WA",,,https://wa.milesplit.com/meets/216948-3a-kingco-meet-2015/results,https://wa.milesplit.com/results?year=2015&month=9&season=outdoor&level=hs&page=4,2015,9,outdoor,hs,4
,https://wa.milesplit.com/results?year=2015&month=9&season=outdoor&level=hs&page=4,,,,,,,,,,
,https://wa.milesplit.com/results?year=2015&month=9&season=outdoor&level=hs&page=4,,,,,,,,,,
9/10,Gordy Roberton Invitational,"Tenino, WA",,,https://wa.milesplit.com/meets/216950-gordy-roberton-invitational-2015/results,https://wa.milesplit.com/results?year=2015&month=9&season=outdoor&level=hs&page=4,2015,9,outdoor,hs,4
9/10,Olympic Jamboree,"Bremerton, WA",,,https://wa.milesplit.com/meets/216951-olympic-jamboree-2015/results,https://wa.milesplit.com/results?year=2015&month=9&season=outdoor&level=hs&page=4,2015,9,outdoor,hs,4
9/10,Seamount League Class Meet,"Seattle, WA",,,https://wa.milesplit.com/meets/218455-seamount-league-class-meet-2015/results,https://wa.milesplit.com/results?year=2015&month=9&season=outdoor&level=hs&page=4,2015,9,outdoor,hs,4
9/9,Anacortes Meet,"Anacortes, WA",,,https://wa.milesplit.com/meets/216941-anacortes-meet-2015/results,https://wa.milesplit.com/results?year=2015&month=9&season=outdoor&level=hs&page=4,2015,9,outdoor,hs,4
9/9,Cascade Conference Preview,"Arlington, WA",,,https://wa.milesplit.com/meets/216945-cascade-conference-preview-2015/results,https://wa.milesplit.com/results?year=2015&month=9&season=outdoor&level=hs&page=4,2015,9,outdoor,hs,4
9/9,Kentridge vs. Spanaway Lake,"Kent, WA",,,https://wa.milesplit.com/meets/216946-kentridge-vs-spanaway-lake-2015/results,https://wa.milesplit.com/results?year=2015&month=9&season=outdoor&level=hs&page=4,2015,9,outdoor,hs,4
9/9,Layden Christian Tri,"Lynden, WA",,,https://wa.milesplit.com/meets/218453-layden-christian-tri-2015/results,https://wa.milesplit.com/results?year=2015&month=9&season=outdoor&level=hs&page=4,2015,9,outdoor,hs,4
9/9,Sehome Quad,"Bellingham, WA",,,https://wa.milesplit.com/meets/218452-sehome-quad-2015/results,https://wa.milesplit.com/results?year=2015&month=9&season=outdoor&level=hs&page=4,2015,9,outdoor,hs,4
9/8,La Center Jamboree,"La Center, WA",,,https://wa.milesplit.com/meets/216938-la-center-jamboree-2015/results,https://wa.milesplit.com/results?year=2015&month=9&season=outdoor&level=hs&page=4,2015,9,outdoor,hs,4
9/8,Wilbur Jamboree,",",,,https://www.milesplit.com/meets/216940-wilbur-jamboree-2015/results,https://wa.milesplit.com/results?year=2015&month=9&season=outdoor&level=hs&page=4,2015,9,outdoor,hs,4
9/5,Raven Pancake Jamboree,"Auburn, WA",,,https://wa.milesplit.com/meets/216936-raven-pancake-jamboree-2015/results,https://wa.milesplit.com/results?year=2015&month=9&season=outdoor&level=hs&page=4,2015,9,outdoor,hs,4
9/4,Hanford Jamboree HS,"Richland, WA",,,https://wa.milesplit.com/meets/218215-hanford-jamboree-hs-2015/results,https://wa.milesplit.com/results?year=2015&month=9&season=outdoor&level=hs&page=4,2015,9,outdoor,hs,4
10/31,1B/2B Dist. 7/9 Championship,"Medical Lake, WA",,,https://wa.milesplit.com/meets/222700-1b2b-dist-79-championship-2015/results,https://wa.milesplit.com/results?year=2015&month=10&season=outdoor&level=hs&page=1,2015,10,outdoor,hs,1
10/31,3A SeaKing & 4A Bi-District I/II Championships,"Issaquah, WA",,,https://wa.milesplit.com/meets/222689-3a-seaking-and-4a-bi-district-iii-championships-2015/results,https://wa.milesplit.com/results?year=2015&month=10&season=outdoor&level=hs&page=1,2015,10,outdoor,hs,1
10/31,3A/4A Regional Meet-Districts 5/8,"Spokane, WA",,,https://wa.milesplit.com/meets/222690-3a4a-regional-meet-districts-58-2015/results,https://wa.milesplit.com/results?year=2015&month=10&season=outdoor&level=hs&page=1,2015,10,outdoor,hs,1
10/31,CWAC GNL Regional/CWAC District Championships,"Ellensburg, WA",,,https://wa.milesplit.com/meets/222688-cwac-gnl-regionalcwac-district-championships-2015/results,https://wa.milesplit.com/results?year=2015&month=10&season=outdoor&level=hs&page=1,2015,10,outdoor,hs,1
10/31,District 1  Championships,"Langley, WA",,,https://wa.milesplit.com/meets/222687-district-1-cross-country-championships-2015/results,https://wa.milesplit.com/results?year=2015&month=10&season=outdoor&level=hs&page=1,2015,10,outdoor,hs,1
10/31,District 4 1A/2A Championships,"Woodland, WA",,,https://wa.milesplit.com/meets/222658-district-4-1a2a-championships-2015/results,https://wa.milesplit.com/results?year=2015&month=10&season=outdoor&level=hs&page=1,2015,10,outdoor,hs,1
10/31,District 4 1B/2B Championships,"Onalaska, WA",,,https://wa.milesplit.com/meets/222683-district-4-1b2b-championships-2015/results,https://wa.milesplit.com/results?year=2015&month=10&season=outdoor&level=hs&page=1,2015,10,outdoor,hs,1
10/31,Westside Classic,"Lakewood, WA",,,https://wa.milesplit.com/meets/222679-westside-classic-2015/results,https://wa.milesplit.com/results?year=2015&month=10&season=outdoor&level=hs&page=1,2015,10,outdoor,hs,1
10/29,1A District 6,",",,,https://www.milesplit.com/meets/222569-1a-district-6-2015/results,https://wa.milesplit.com/results?year=2015&month=10&season=outdoor&level=hs&page=1,2015,10,outdoor,hs,1
10/29,District 5 1A Championship,"Yakima, WA",,,https://wa.milesplit.com/meets/222686-district-5-1a-championship-2015/results,https://wa.milesplit.com/results?year=2015&month=10&season=outdoor&level=hs&page=1,2015,10,outdoor,hs,1
10/29,NCWAA 4A District 6,"Yakima, WA",,,https://wa.milesplit.com/meets/222571-ncwaa-4a-district-6-2015/results,https://wa.milesplit.com/results?year=2015&month=10&season=outdoor&level=hs&page=1,2015,10,outdoor,hs,1
10/29,NEA District 7,"Chewelah, WA",,,https://wa.milesplit.com/meets/222572-nea-district-7-2015/results,https://wa.milesplit.com/results?year=2015&month=10&season=outdoor&level=hs&page=1,2015,10,outdoor,hs,1
,https://wa.milesplit.com/results?year=2015&month=10&season=outdoor&level=hs&page=1,,,,,,,,,,
,https://wa.milesplit.com/results?year=2015&month=10&season=outdoor&level=hs&page=1,,,,,,,,,,
10/24,3A/4A KingCo League Championships,",",,,https://www.milesplit.com/meets/222268-51th-3a4a-kingco-league-championships-2015/results,https://wa.milesplit.com/results?year=2015&month=10&season=outdoor&level=hs&page=1,2015,10,outdoor,hs,1
10/24,CW B League Championships,",",,,https://www.milesplit.com/meets/222269-cw-b-league-championships-2015/results,https://wa.milesplit.com/results?year=2015&month=10&season=outdoor&level=hs&page=1,2015,10,outdoor,hs,1
10/24,Dist. 7-9 2A/2B Championships,",",,,https://www.milesplit.com/meets/222270-dist-7-9-2a2b-championships-2015/results,https://wa.milesplit.com/results?year=2015&month=10&season=outdoor&level=hs&page=1,2015,10,outdoor,hs,1
10/24,GSL Freshmen/JV Championships,",",,,https://www.milesplit.com/meets/222272-gsl-freshmenjv-championships-2015/results,https://wa.milesplit.com/results?year=2015&month=10&season=outdoor&level=hs&page=1,2015,10,outdoor,hs,1
10/24,NE District 7 1B/2B Championship,",",,,https://www.milesplit.com/meets/222271-ne-district-7-1b2b-championship-2015/results,https://wa.milesplit.com/results?year=2015&month=10&season=outdoor&level=hs&page=1,2015,10,outdoor,hs,1
10/24,SPSL Sub District Championships,",",,,https://www.milesplit.com/meets/222168-spsl-sub-district-championships-2015/results,https://wa.milesplit.com/results?year=2015&month=10&season=outdoor&level=hs&page=1,2015,10,outdoor,hs,1
10/24,WESCO/Cascade Championships,",",,,https://www.milesplit.com/meets/222273-wescocascade-championships-2015/results,https://wa.milesplit.com/results?year=2015&month=10&season=outdoor&level=hs&page=1,2015,10,outdoor,hs,1
10/23,Emerald City League  Championships,",",,,https://www.milesplit.com/meets/222170-emerald-city-league-xc-championships-2015/results,https://wa.milesplit.com/results?year=2015&month=10&season=outdoor&level=hs&page=1,2015,10,outdoor,hs,1
"10/23
10/24",Mt SAC Invitational,"Walnut, CA",,,https://www.milesplit.com/meets/212872-mt-sac-invitational-2015/results,https://wa.milesplit.com/results?year=2015&month=10&season=outdoor&level=hs&page=1,2015,10,outdoor,hs,1
10/22,2B Dist IV Central League Championship,",",,,https://www.milesplit.com/meets/222292-2b-dist-iv-central-league-championship-2015/results,https://wa.milesplit.com/results?year=2015&month=10&season=outdoor&level=hs&page=1,2015,10,outdoor,hs,1
10/22,2B Pacific League Championship,"Ocasta, WA",,,https://wa.milesplit.com/meets/222291-2b-pacific-league-championship-2015/results,https://wa.milesplit.com/results?year=2015&month=10&season=outdoor&level=hs&page=1,2015,10,outdoor,hs,1
10/22,CWAC League Meet @ West Valley,",",,,https://www.milesplit.com/meets/222290-cwac-league-meet-west-valley-2015/results,https://wa.milesplit.com/results?year=2015&month=10&season=outdoor&level=hs&page=1,2015,10,outdoor,hs,1
10/22,CWAC League: Quincy & Othello @ Ellenburg,"Ellensburg, WA",,,https://wa.milesplit.com/meets/222021-cwac-league-quincy-and-othello-ellenburg-2015/results,https://wa.milesplit.com/results?year=2015&month=10&season=outdoor&level=hs&page=1,2015,10,outdoor,hs,1
10/22,Evergreen 1A/2A League Championship,"Montesano, WA",,,https://wa.milesplit.com/meets/222032-evergreen-1a2a-league-championship-2015/results,https://wa.milesplit.com/results?year=2015&month=10&season=outdoor&level=hs&page=1,2015,10,outdoor,hs,1
10/22,GSHL 2A All-League meet,"Vancouver, WA",,,https://wa.milesplit.com/meets/222011-gshl-2a-all-league-meet-2015/results,https://wa.milesplit.com/results?year=2015&month=10&season=outdoor&level=hs&page=1,2015,10,outdoor,hs,1
10/22,GSHL 3A District Meet,"Battle Ground, WA",,,https://wa.milesplit.com/meets/222033-gshl-3a-district-meet-2015/results,https://wa.milesplit.com/results?year=2015&month=10&season=outdoor&level=hs&page=1,2015,10,outdoor,hs,1
10/22,MCC Districts/JV Championships,"Richland, WA",,,https://wa.milesplit.com/meets/222012-mcc-districtsjv-championships-2015/results,https://wa.milesplit.com/results?year=2015&month=10&season=outdoor&level=hs&page=1,2015,10,outdoor,hs,1
10/22,Metro League 3A  Championships,"Seattle, WA",,,https://wa.milesplit.com/meets/222013-metro-league-3a-xc-championships-2015/results,https://wa.milesplit.com/results?year=2015&month=10&season=outdoor&level=hs&page=1,2015,10,outdoor,hs,1
10/22,Nisqually League Championship,"Lakewood, WA",,,https://wa.milesplit.com/meets/222015-nisqually-league-championship-2015/results,https://wa.milesplit.com/results?year=2015&month=10&season=outdoor&level=hs&page=1,2015,10,outdoor,hs,1
10/22,NWC Championships - JV & Varsity,"Bellingham, WA",,,https://wa.milesplit.com/meets/222019-nwc-championships-jv-and-varsity-2015/results,https://wa.milesplit.com/results?year=2015&month=10&season=outdoor&level=hs&page=1,2015,10,outdoor,hs,1
10/22,Olympic League Championships,",",,,https://www.milesplit.com/meets/222022-olympic-league-championships-2015/results,https://wa.milesplit.com/results?year=2015&month=10&season=outdoor&level=hs&page=1,2015,10,outdoor,hs,1
10/22,SCAC #4 @ Zillah,"Zillah, WA",,,https://wa.milesplit.com/meets/222016-scac-4-zillah-2015/results,https://wa.milesplit.com/results?year=2015&month=10&season=outdoor&level=hs&page=1,2015,10,outdoor,hs,1
10/22,SCAC League @ La Salle,"Yakima, WA",,,https://wa.milesplit.com/meets/222034-scac-league-la-salle-2015/results,https://wa.milesplit.com/results?year=2015&month=10&season=outdoor&level=hs&page=1,2015,10,outdoor,hs,1
10/22,SCAC Meet #4 @ Connell,"Connell, WA",,,https://wa.milesplit.com/meets/222035-scac-meet-4-connell-2015/results,https://wa.milesplit.com/results?year=2015&month=10&season=outdoor&level=hs&page=1,2015,10,outdoor,hs,1
10/22,SeaTac League Championship,"Bremerton, WA",,,https://wa.milesplit.com/meets/222036-seatac-league-championship-2015/results,https://wa.milesplit.com/results?year=2015&month=10&season=outdoor&level=hs&page=1,2015,10,outdoor,hs,1
10/21,"CWAC: Grandview, Ephrata, Selah, @ Toppenish","Toppenish, WA",,,https://wa.milesplit.com/meets/221922-cwac-grandview-ephrata-selah-toppenish-2015/results,https://wa.milesplit.com/results?year=2015&month=10&season=outdoor&level=hs&page=1,2015,10,outdoor,hs,1
10/21,Evergreen League Championships,"Montesano, WA",,,https://wa.milesplit.com/meets/221923-evergreen-league-championships-2015/results,https://wa.milesplit.com/results?year=2015&month=10&season=outdoor&level=hs&page=1,2015,10,outdoor,hs,1
10/21,GSHL District 4A Meet,"Battle Ground, WA",,,https://wa.milesplit.com/meets/221924-gshl-district-4a-meet-2015/results,https://wa.milesplit.com/results?year=2015&month=10&season=outdoor&level=hs&page=1,2015,10,outdoor,hs,1
10/21,GSL #5 Mead/Ferris/SP/MSHS,"Spokane, WA",,,https://wa.milesplit.com/meets/221931-gsl-5-meadferrisspmshs-2015/results,https://wa.milesplit.com/results?year=2015&month=10&season=outdoor&level=hs&page=1,2015,10,outdoor,hs,1
10/21,"GSL #5 UH, ROGERS, NC, LC","Liberty Lake, WA",,,https://wa.milesplit.com/meets/221933-gsl-5-uh-rogers-nc-lc-2015/results,https://wa.milesplit.com/results?year=2015&month=10&season=outdoor&level=hs&page=1,2015,10,outdoor,hs,1
10/21,GSL #5 vs GP,"Spokane Valley, WA",,,https://wa.milesplit.com/meets/221934-gsl-5-vs-gp-2015/results,https://wa.milesplit.com/results?year=2015&month=10&season=outdoor&level=hs&page=1,2015,10,outdoor,hs,1
10/21,Medical Lk/Chewelah/Freeman,"Rockford, WA",,,https://wa.milesplit.com/meets/221935-medical-lkchewelahfreeman-2015/results,https://wa.milesplit.com/results?year=2015&month=10&season=outdoor&level=hs&page=1,2015,10,outdoor,hs,1
10/21,Narrows League 3A / 4A  Championships,"Lakewood, WA",,,https://wa.milesplit.com/meets/221936-narrows-league-3a-4a-xc-championships-2015/results,https://wa.milesplit.com/results?year=2015&month=10&season=outdoor&level=hs&page=1,2015,10,outdoor,hs,1
10/21,NEA #4 Deer Park/Lakeside,"Nine Mile Falls, WA",,,https://wa.milesplit.com/meets/221938-nea-4-deer-parklakeside-2015/results,https://wa.milesplit.com/results?year=2015&month=10&season=outdoor&level=hs&page=1,2015,10,outdoor,hs,1
10/21,Trico League Championships,"White Salmon, WA",,,https://wa.milesplit.com/meets/221941-trico-league-championships-2015/results,https://wa.milesplit.com/results?year=2015&month=10&season=outdoor&level=hs&page=1,2015,10,outdoor,hs,1
10/20,Big 9 4A League Meet #2,",",,,https://www.milesplit.com/meets/221796-big-9-4a-league-meet-2-2015/results,https://wa.milesplit.com/results?year=2015&month=10&season=outdoor&level=hs&page=1,2015,10,outdoor,hs,1
10/20,Enchantment Dual Meet,"Leavenworth, KS",,,https://wa.milesplit.com/meets/221797-enchantment-dual-meet-2015/results,https://wa.milesplit.com/results?year=2015&month=10&season=outdoor&level=hs&page=1,2015,10,outdoor,hs,1
10/17,Oroville Invitational,",",,,https://www.milesplit.com/meets/221451-oroville-invitational-2015/results,https://wa.milesplit.com/results?year=2015&month=10&season=outdoor&level=hs&page=1,2015,10,outdoor,hs,1
10/17,Seamount League Meet,"Seattle, WA",,,https://wa.milesplit.com/meets/221452-seamount-league-meet-2015/results,https://wa.milesplit.com/results?year=2015&month=10&season=outdoor&level=hs&page=2,2015,10,outdoor,hs,2
10/17,West Valley @ Deer Park,"Deer Park, WA",,,https://wa.milesplit.com/meets/221453-west-valley-deer-park-2015/results,https://wa.milesplit.com/results?year=2015&month=10&season=outdoor&level=hs&page=2,2015,10,outdoor,hs,2
10/16,Nisqually/Emerald City Meet,"Bellevue, WA",,,https://wa.milesplit.com/meets/221372-nisquallyemerald-city-meet-2015/results,https://wa.milesplit.com/results?year=2015&month=10&season=outdoor&level=hs&page=2,2015,10,outdoor,hs,2
10/16,Terry Rice Frosh/Soph Classic,"Gig Harbor, WA",,,https://wa.milesplit.com/meets/221373-terry-rice-froshsoph-classic-2015/results,https://wa.milesplit.com/results?year=2015&month=10&season=outdoor&level=hs&page=2,2015,10,outdoor,hs,2
10/15,Bishop Blanchet Invitational,"Seattle, WA",,,https://wa.milesplit.com/meets/221198-bishop-blanchet-invitational-2015/results,https://wa.milesplit.com/results?year=2015&month=10&season=outdoor&level=hs&page=2,2015,10,outdoor,hs,2
10/15,CWAC League: Eburg/Selah/Pro @ Prosser,"Prosser, WA",,,https://wa.milesplit.com/meets/221320-cwac-league-eburgselahpro-prosser-2015/results,https://wa.milesplit.com/results?year=2015&month=10&season=outdoor&level=hs&page=2,2015,10,outdoor,hs,2
10/15,CWAC League: Oth/Eph/Top @ Wap,"Wapato, WA",,,https://wa.milesplit.com/meets/221319-cwac-league-othephtop-wap-2015/results,https://wa.milesplit.com/results?year=2015&month=10&season=outdoor&level=hs&page=2,2015,10,outdoor,hs,2
10/15,Edmonds District Championships,"Edmonds, WA",,,https://wa.milesplit.com/meets/221321-edmonds-district-championships-2015/results,https://wa.milesplit.com/results?year=2015&month=10&season=outdoor&level=hs&page=2,2015,10,outdoor,hs,2
10/15,Fast and Flat Invitational,"Randle, WA",,,https://wa.milesplit.com/meets/221322-fast-and-flat-invitational-2015/results,https://wa.milesplit.com/results?year=2015&month=10&season=outdoor&level=hs&page=2,2015,10,outdoor,hs,2
10/15,"GSL #4 SP, NC","Spokane, WA",,,https://wa.milesplit.com/meets/221211-gsl-4-sp-nc-2015/results,https://wa.milesplit.com/results?year=2015&month=10&season=outdoor&level=hs&page=2,2015,10,outdoor,hs,2
10/15,GSL #4 vs UHI/Mead,"Spokane Valley, WA",,,https://wa.milesplit.com/meets/221214-gsl-4-vs-uhimead-2015/results,https://wa.milesplit.com/results?year=2015&month=10&season=outdoor&level=hs&page=2,2015,10,outdoor,hs,2
10/15,Lake Lap Invite,"Bellingham, WA",,,https://wa.milesplit.com/meets/221200-lake-lap-invite-2015/results,https://wa.milesplit.com/results?year=2015&month=10&season=outdoor&level=hs&page=2,2015,10,outdoor,hs,2
,https://wa.milesplit.com/results?year=2015&month=10&season=outdoor&level=hs&page=2,,,,,,,,,,
,https://wa.milesplit.com/results?year=2015&month=10&season=outdoor&level=hs&page=2,,,,,,,,,,
10/15,MCC League Meet #2,"Kennewick, WA",,,https://wa.milesplit.com/meets/221201-mcc-league-meet-2-2015/results,https://wa.milesplit.com/results?year=2015&month=10&season=outdoor&level=hs&page=2,2015,10,outdoor,hs,2
10/15,Mt. Cashmere Meet,"Cashmere, WA",,,https://wa.milesplit.com/meets/221323-mt-cashmere-meet-2015/results,https://wa.milesplit.com/results?year=2015&month=10&season=outdoor&level=hs&page=2,2015,10,outdoor,hs,2
10/15,River Meadows Run,"Arlington, WA",,,https://wa.milesplit.com/meets/221203-river-meadows-run-2015/results,https://wa.milesplit.com/results?year=2015&month=10&season=outdoor&level=hs&page=2,2015,10,outdoor,hs,2
10/15,SCAC #3 at Naches,"Naches, WA",,,https://wa.milesplit.com/meets/221205-scac-3-at-naches-2015/results,https://wa.milesplit.com/results?year=2015&month=10&season=outdoor&level=hs&page=2,2015,10,outdoor,hs,2
10/15,SCAC Meet #3 @ Royal,"Royal City, WA",,,https://wa.milesplit.com/meets/221328-scac-meet-3-royal-2015/results,https://wa.milesplit.com/results?year=2015&month=10&season=outdoor&level=hs&page=2,2015,10,outdoor,hs,2
10/15,Skagit County Championships,"Mount Vernon, WA",,,https://wa.milesplit.com/meets/221629-skagit-county-championships-2015/results,https://wa.milesplit.com/results?year=2015&month=10&season=outdoor&level=hs&page=2,2015,10,outdoor,hs,2
10/15,SPSL 2A Championships,"Lakewood, WA",,,https://wa.milesplit.com/meets/221329-spsl-2a-championships-2015/results,https://wa.milesplit.com/results?year=2015&month=10&season=outdoor&level=hs&page=2,2015,10,outdoor,hs,2
10/15,St. Edwards State Park CPC 2 Mile,"Kenmore, WA",,,https://wa.milesplit.com/meets/221331-st-edwards-state-park-cpc-2-mile-2015/results,https://wa.milesplit.com/results?year=2015&month=10&season=outdoor&level=hs&page=2,2015,10,outdoor,hs,2
10/14,2A GSHL HBAY/RIDG/WDLD,"Woodland, WA",,,https://wa.milesplit.com/meets/221020-2a-gshl-hbayridgwdld-2015/results,https://wa.milesplit.com/results?year=2015&month=10&season=outdoor&level=hs&page=2,2015,10,outdoor,hs,2
10/14,Bellarmine v. Central Kitsap & Gig Harbor,"Tacoma, WA",,,https://wa.milesplit.com/meets/221021-bellarmine-v-central-kitsap-and-gig-harbor-2015/results,https://wa.milesplit.com/results?year=2015&month=10&season=outdoor&level=hs&page=2,2015,10,outdoor,hs,2
10/14,"Bellevue, Sammamish @ Interlake","Redmond, WA",,,https://wa.milesplit.com/meets/221022-bellevue-sammamish-interlake-2015/results,https://wa.milesplit.com/results?year=2015&month=10&season=outdoor&level=hs&page=2,2015,10,outdoor,hs,2
10/14,"Bethel, Rogers (Puyallup) @ Spanaway Lake","Spanaway, WA",,,https://wa.milesplit.com/meets/221206-bethel-rogers-puyallup-spanaway-lake-2015/results,https://wa.milesplit.com/results?year=2015&month=10&season=outdoor&level=hs&page=2,2015,10,outdoor,hs,2
10/14,"Black Hills, W.F. West @ Centralia","Centralia, WA",,,https://wa.milesplit.com/meets/221196-black-hills-wf-west-centralia-2015/results,https://wa.milesplit.com/results?year=2015&month=10&season=outdoor&level=hs&page=2,2015,10,outdoor,hs,2
10/14,CWAC Leage: East Valley/Quincy/Grandview/Mabton,"Grandview, WA",,,https://wa.milesplit.com/meets/221423-cwac-leage-east-valleyquincygrandviewmabton-2015/results,https://wa.milesplit.com/results?year=2015&month=10&season=outdoor&level=hs&page=2,2015,10,outdoor,hs,2
10/14,District 7 Meet (Curlew),"Curlew, WA",,,https://wa.milesplit.com/meets/220925-district-7-meet-curlew-2015/results,https://wa.milesplit.com/results?year=2015&month=10&season=outdoor&level=hs&page=2,2015,10,outdoor,hs,2
10/14,Federal Way All-City Meet,"Federal Way, WA",,,https://wa.milesplit.com/meets/221023-federal-way-all-city-meet-2015/results,https://wa.milesplit.com/results?year=2015&month=10&season=outdoor&level=hs&page=2,2015,10,outdoor,hs,2
10/14,"Freeman, Riverside @ Deer Park","Deer Park, WA",,,https://wa.milesplit.com/meets/221208-freeman-riverside-deer-park-2015/results,https://wa.milesplit.com/results?year=2015&month=10&season=outdoor&level=hs&page=2,2015,10,outdoor,hs,2
10/14,"GK, Curtis @ Emerald Ridge","Puyallup, WA",,,https://wa.milesplit.com/meets/221210-gk-curtis-emerald-ridge-2015/results,https://wa.milesplit.com/results?year=2015&month=10&season=outdoor&level=hs&page=2,2015,10,outdoor,hs,2
10/14,GNL 5 EV (Spokane) @ Clarkston,"Clarkston, WA",,,https://wa.milesplit.com/meets/221024-gnl-5-ev-spokane-clarkston-2015/results,https://wa.milesplit.com/results?year=2015&month=10&season=outdoor&level=hs&page=2,2015,10,outdoor,hs,2
10/14,"GSL #4 GP, MT. Spokane, Rogers","Nine Mile Falls, WA",,,https://wa.milesplit.com/meets/221026-gsl-4-gp-mt-spokane-rogers-2015/results,https://wa.milesplit.com/results?year=2015&month=10&season=outdoor&level=hs&page=2,2015,10,outdoor,hs,2
10/14,"GSL#4 Ferris, L.C.","Spokane, WA",,,https://wa.milesplit.com/meets/221027-gsl4-ferris-lc-2015/results,https://wa.milesplit.com/results?year=2015&month=10&season=outdoor&level=hs&page=2,2015,10,outdoor,hs,2
10/14,Invitational @ Lower Woodland Park,"Seattle, WA",,,https://wa.milesplit.com/meets/221034-invitational-lower-woodland-park-2015/results,https://wa.milesplit.com/results?year=2015&month=10&season=outdoor&level=hs&page=2,2015,10,outdoor,hs,2
10/14,Lake Washington @ Juanita,"Kenmore, WA",,,https://wa.milesplit.com/meets/221029-lake-washington-juanita-2015/results,https://wa.milesplit.com/results?year=2015&month=10&season=outdoor&level=hs&page=2,2015,10,outdoor,hs,2
10/14,Mark Morris/Prairie/Washougal @ Kelso,"Kelso, WA",,,https://wa.milesplit.com/meets/221030-mark-morrisprairiewashougal-kelso-2015/results,https://wa.milesplit.com/results?year=2015&month=10&season=outdoor&level=hs&page=2,2015,10,outdoor,hs,2
10/14,NEA #3 Chewelah/Colville/Lakeside,"Nine Mile Falls, WA",,,https://wa.milesplit.com/meets/221422-nea-3-chewelahcolvillelakeside-2015/results,https://wa.milesplit.com/results?year=2015&month=10&season=outdoor&level=hs&page=2,2015,10,outdoor,hs,2
10/14,Newport vs. Medical Lake,"Medical Lake, WA",,,https://wa.milesplit.com/meets/221031-newport-vs-medical-lake-2015/results,https://wa.milesplit.com/results?year=2015&month=10&season=outdoor&level=hs&page=2,2015,10,outdoor,hs,2
10/14,"Olympia, Shelton @Capital","Olympia, WA",,,https://wa.milesplit.com/meets/221032-olympia-shelton-capital-2015/results,https://wa.milesplit.com/results?year=2015&month=10&season=outdoor&level=hs&page=2,2015,10,outdoor,hs,2
10/14,Stevenson/White Salmon Duel,"North Bonneville, WA",,,https://wa.milesplit.com/meets/221419-stevensonwhite-salmon-duel-2015/results,https://wa.milesplit.com/results?year=2015&month=10&season=outdoor&level=hs&page=2,2015,10,outdoor,hs,2
10/14,Tacoma City XC Championships,"Tacoma, WA",,,https://wa.milesplit.com/meets/221033-tacoma-city-xc-championships-2015/results,https://wa.milesplit.com/results?year=2015&month=10&season=outdoor&level=hs&page=2,2015,10,outdoor,hs,2
10/13,Bill Kehoe Invitational,"Olympia, WA",,,https://wa.milesplit.com/meets/220924-bill-kehoe-invitational-2015/results,https://wa.milesplit.com/results?year=2015&month=10&season=outdoor&level=hs&page=2,2015,10,outdoor,hs,2
10/13,Camas vs Battle Ground,"Battle Ground, WA",,,https://wa.milesplit.com/meets/220916-camas-vs-battle-ground-2015/results,https://wa.milesplit.com/results?year=2015&month=10&season=outdoor&level=hs&page=2,2015,10,outdoor,hs,2
10/13,District 7 Meet (Colfax),"Colfax, WA",,,https://wa.milesplit.com/meets/220923-district-7-meet-colfax-2015/results,https://wa.milesplit.com/results?year=2015&month=10&season=outdoor&level=hs&page=2,2015,10,outdoor,hs,2
10/13,Evergreen vs. Union,"Vancouver, WA",,,https://wa.milesplit.com/meets/221019-evergreen-vs-union-2015/results,https://wa.milesplit.com/results?year=2015&month=10&season=outdoor&level=hs&page=2,2015,10,outdoor,hs,2
10/10,George Fox  Classic,"Brooks, OR",,,https://or.milesplit.com/meets/216576-george-fox-cross-country-classic-2015/results,https://wa.milesplit.com/results?year=2015&month=10&season=outdoor&level=hs&page=2,2015,10,outdoor,hs,2
10/10,Leavenworth Invitational,"Leavenworth, WA",,,https://wa.milesplit.com/meets/214302-leavenworth-invitational-2015/results,https://wa.milesplit.com/results?year=2015&month=10&season=outdoor&level=hs&page=2,2015,10,outdoor,hs,2
10/10,Nike Hole in the Wall Invitational,"Arlington, WA",,,https://wa.milesplit.com/meets/220628-nike-hole-in-the-wall-invitational-2015/results,https://wa.milesplit.com/results?year=2015&month=10&season=outdoor&level=hs&page=2,2015,10,outdoor,hs,2
10/10,Richland Invitational,"Richland, WA",,,https://wa.milesplit.com/meets/214300-richland-invitational-2015/results,https://wa.milesplit.com/results?year=2015&month=10&season=outdoor&level=hs&page=2,2015,10,outdoor,hs,2
10/8,Blue Heron Invitational,"Carnation, WA",,,https://wa.milesplit.com/meets/220514-blue-heron-invitational-2015/results,https://wa.milesplit.com/results?year=2015&month=10&season=outdoor&level=hs&page=2,2015,10,outdoor,hs,2
10/8,CWAC League - EV/Eburg/Top@Eph,"Soap Lake, WA",,,https://wa.milesplit.com/meets/220515-cwac-league-eveburgtopeph-2015/results,https://wa.milesplit.com/results?year=2015&month=10&season=outdoor&level=hs&page=3,2015,10,outdoor,hs,3
10/8,CWAC League-GV/Oth/Pro at Othello,"Othello, WA",,,https://wa.milesplit.com/meets/220516-cwac-league-gvothpro-at-othello-2015/results,https://wa.milesplit.com/results?year=2015&month=10&season=outdoor&level=hs&page=3,2015,10,outdoor,hs,3
10/8,"CWAC: Wapato, Selah @ Quincy","Quincy, WA",,,https://wa.milesplit.com/meets/220518-cwac-wapato-selah-quincy-2015/results,https://wa.milesplit.com/results?year=2015&month=10&season=outdoor&level=hs&page=3,2015,10,outdoor,hs,3
10/8,Evergreen League (Aberdeen),",",,,https://www.milesplit.com/meets/220665-evergreen-league-aberdeen-2015/results,https://wa.milesplit.com/results?year=2015&month=10&season=outdoor&level=hs&page=3,2015,10,outdoor,hs,3
10/8,Evergreen League (Elma),",",,,https://www.milesplit.com/meets/220666-evergreen-league-elma-2015/results,https://wa.milesplit.com/results?year=2015&month=10&season=outdoor&level=hs&page=3,2015,10,outdoor,hs,3
10/8,"Lindbergh, Hazen, Renton, Evergreen","Blackwater, MO",,,https://mo.milesplit.com/meets/220519-lindbergh-hazen-renton-evergreen-2015/results,https://wa.milesplit.com/results?year=2015&month=10&season=outdoor&level=hs&page=3,2015,10,outdoor,hs,3
10/8,Orting Triangular,"Orting, WA",,,https://wa.milesplit.com/meets/220667-orting-triangular-2015/results,https://wa.milesplit.com/results?year=2015&month=10&season=outdoor&level=hs&page=3,2015,10,outdoor,hs,3
10/8,Prep/WS/ING/Roos/Ballard/RB,"Seattle, WA",,,https://wa.milesplit.com/meets/220520-prepwsingroosballardrb-2015/results,https://wa.milesplit.com/results?year=2015&month=10&season=outdoor&level=hs&page=3,2015,10,outdoor,hs,3
10/8,SCAC Meet #2 @ Cle Elum,"Cle Elum, WA",,,https://wa.milesplit.com/meets/220521-scac-meet-2-cle-elum-2015/results,https://wa.milesplit.com/results?year=2015&month=10&season=outdoor&level=hs&page=3,2015,10,outdoor,hs,3
10/8,SCAC Meet #2@Goldendale,"Goldendale, WA",,,https://wa.milesplit.com/meets/220522-scac-meet-2goldendale-2015/results,https://wa.milesplit.com/results?year=2015&month=10&season=outdoor&level=hs&page=3,2015,10,outdoor,hs,3
10/8,SeaTac League Meet #4,"Lakewood, WA",,,https://wa.milesplit.com/meets/220664-seatac-league-meet-4-2015/results,https://wa.milesplit.com/results?year=2015&month=10&season=outdoor&level=hs&page=3,2015,10,outdoor,hs,3
10/8,Shorewood / Everett / MLT / Cascade,"Shoreline, WA",,,https://wa.milesplit.com/meets/220523-shorewood-everett-mlt-cascade-2015/results,https://wa.milesplit.com/results?year=2015&month=10&season=outdoor&level=hs&page=3,2015,10,outdoor,hs,3
,https://wa.milesplit.com/results?year=2015&month=10&season=outdoor&level=hs&page=3,,,,,,,,,,
,https://wa.milesplit.com/results?year=2015&month=10&season=outdoor&level=hs&page=3,,,,,,,,,,
10/8,"Tyee, Foster, Highline, Kennedy","SeaTac, WA",,,https://wa.milesplit.com/meets/220524-tyee-foster-highline-kennedy-2015/results,https://wa.milesplit.com/results?year=2015&month=10&season=outdoor&level=hs&page=3,2015,10,outdoor,hs,3
10/7,2A GSHL RAL/Washougal @ RHS,"Ridgefield Park, NJ",,,https://nj.milesplit.com/meets/220453-2a-gshl-ralwashougal-rhs-2015/results,https://wa.milesplit.com/results?year=2015&month=10&season=outdoor&level=hs&page=3,2015,10,outdoor,hs,3
10/7,Auburn Triangular,",",,,https://www.milesplit.com/meets/220670-auburn-triangular-2015/results,https://wa.milesplit.com/results?year=2015&month=10&season=outdoor&level=hs&page=3,2015,10,outdoor,hs,3
10/7,Bainbridge / Chief Sealth / Eastside / Franklin,",",,,https://www.milesplit.com/meets/220454-bainbridge-chief-sealth-eastside-franklin-2015/results,https://wa.milesplit.com/results?year=2015&month=10&season=outdoor&level=hs&page=3,2015,10,outdoor,hs,3
10/7,Bremerton Triangular,"Kitsap Lake, WA",,,https://wa.milesplit.com/meets/220672-bremerton-triangular-2015/results,https://wa.milesplit.com/results?year=2015&month=10&season=outdoor&level=hs&page=3,2015,10,outdoor,hs,3
10/7,"Chewelah, Newport at Deer Park","Deer Park, TX",,,https://tx.milesplit.com/meets/220455-chewelah-newport-at-deer-park-2015/results,https://wa.milesplit.com/results?year=2015&month=10&season=outdoor&level=hs&page=3,2015,10,outdoor,hs,3
10/7,D9 1B/2B League Meet #2,"Prescott, AR",,,https://ar.milesplit.com/meets/220452-d9-1b2b-league-meet-2-2015/results,https://wa.milesplit.com/results?year=2015&month=10&season=outdoor&level=hs&page=3,2015,10,outdoor,hs,3
10/7,Eastlake & Woodinville @ Issaquah,"Issaquah, WA",,,https://wa.milesplit.com/meets/220456-eastlake-and-woodinville-issaquah-2015/results,https://wa.milesplit.com/results?year=2015&month=10&season=outdoor&level=hs&page=3,2015,10,outdoor,hs,3
10/7,GH at CK,"Silverdale, WA",,,https://wa.milesplit.com/meets/220457-gh-at-ck-2015/results,https://wa.milesplit.com/results?year=2015&month=10&season=outdoor&level=hs&page=3,2015,10,outdoor,hs,3
10/7,GNL Cheney @ West Valley,"Spokane Valley, WA",,,https://wa.milesplit.com/meets/220458-gnl-cheney-west-valley-2015/results,https://wa.milesplit.com/results?year=2015&month=10&season=outdoor&level=hs&page=3,2015,10,outdoor,hs,3
10/7,GNL Clarkston @ Pullman,"Pullman, WA",,,https://wa.milesplit.com/meets/220459-gnl-clarkston-pullman-2015/results,https://wa.milesplit.com/results?year=2015&month=10&season=outdoor&level=hs&page=3,2015,10,outdoor,hs,3
10/7,Graham-Kapowsin vs. Rogers,",",,,https://www.milesplit.com/meets/220671-graham-kapowsin-vs-rogers-2015/results,https://wa.milesplit.com/results?year=2015&month=10&season=outdoor&level=hs&page=3,2015,10,outdoor,hs,3
10/7,GSHL 2A Hockinson/Mark Morris/HBay,"Vancouver, WA",,,https://wa.milesplit.com/meets/220460-gshl-2a-hockinsonmark-morrishbay-2015/results,https://wa.milesplit.com/results?year=2015&month=10&season=outdoor&level=hs&page=3,2015,10,outdoor,hs,3
10/7,Juanita @ Interlake,"Redmond, WA",,,https://wa.milesplit.com/meets/220461-juanita-interlake-2015/results,https://wa.milesplit.com/results?year=2015&month=10&season=outdoor&level=hs&page=3,2015,10,outdoor,hs,3
10/7,Kentlake @ Kentwood,"Kent, WA",,,https://wa.milesplit.com/meets/220462-kentlake-kentwood-2015/results,https://wa.milesplit.com/results?year=2015&month=10&season=outdoor&level=hs&page=3,2015,10,outdoor,hs,3
10/7,Kentridge vs. Tahoma,"Tacoma, WA",,,https://wa.milesplit.com/meets/220463-kentridge-vs-tahoma-2015/results,https://wa.milesplit.com/results?year=2015&month=10&season=outdoor&level=hs&page=3,2015,10,outdoor,hs,3
10/7,Lake Washington Triangular,"Redmond, WA",,,https://wa.milesplit.com/meets/220673-lake-washington-triangular-2015/results,https://wa.milesplit.com/results?year=2015&month=10&season=outdoor&level=hs&page=3,2015,10,outdoor,hs,3
10/7,Mercer Island @ Bellevue,"Bellevue, WA",,,https://wa.milesplit.com/meets/220464-mercer-island-bellevue-2015/results,https://wa.milesplit.com/results?year=2015&month=10&season=outdoor&level=hs&page=3,2015,10,outdoor,hs,3
10/7,NEA #2 Medical Lk/Lakeside/Riverside,"Chattaroy, WA",,,https://wa.milesplit.com/meets/220465-nea-2-medical-lklakesideriverside-2015/results,https://wa.milesplit.com/results?year=2015&month=10&season=outdoor&level=hs&page=3,2015,10,outdoor,hs,3
10/7,"Newport, Redmond @ Bothell","Kenmore, WA",,,https://wa.milesplit.com/meets/220466-newport-redmond-bothell-2015/results,https://wa.milesplit.com/results?year=2015&month=10&season=outdoor&level=hs&page=3,2015,10,outdoor,hs,3
10/7,OL SHS vs PAHS @ PTHS,"Port Townsend, WA",,,https://wa.milesplit.com/meets/220467-ol-shs-vs-pahs-pths-2015/results,https://wa.milesplit.com/results?year=2015&month=10&season=outdoor&level=hs&page=3,2015,10,outdoor,hs,3
10/7,Olympic League Tri - North Kitsap,"Bainbridge Island, WA",,,https://wa.milesplit.com/meets/220503-olympic-league-tri-north-kitsap-2015/results,https://wa.milesplit.com/results?year=2015&month=10&season=outdoor&level=hs&page=3,2015,10,outdoor,hs,3
10/7,Omak Invitational,"Okanogan, WA",,,https://wa.milesplit.com/meets/220505-omak-invitational-2015/results,https://wa.milesplit.com/results?year=2015&month=10&season=outdoor&level=hs&page=3,2015,10,outdoor,hs,3
10/7,"Puyallup, Spanaway Lake at Curtis","University Place, WA",,,https://wa.milesplit.com/meets/220506-puyallup-spanaway-lake-at-curtis-2015/results,https://wa.milesplit.com/results?year=2015&month=10&season=outdoor&level=hs&page=3,2015,10,outdoor,hs,3
10/7,Sumner @ Auburn Riverside,"Auburn, WA",,,https://wa.milesplit.com/meets/220507-sumner-auburn-riverside-2015/results,https://wa.milesplit.com/results?year=2015&month=10&season=outdoor&level=hs&page=3,2015,10,outdoor,hs,3
10/7,Thomas Jefferson vs. Mt. Rainier,"Rainier, WA",,,https://wa.milesplit.com/meets/220508-thomas-jefferson-vs-mt-rainier-2015/results,https://wa.milesplit.com/results?year=2015&month=10&season=outdoor&level=hs&page=3,2015,10,outdoor,hs,3
10/7,Timberline Narrows Meet,"Lacey, WA",,,https://wa.milesplit.com/meets/220509-timberline-narrows-meet-2015/results,https://wa.milesplit.com/results?year=2015&month=10&season=outdoor&level=hs&page=3,2015,10,outdoor,hs,3
10/7,Todd Beamer vs. Decatur,"Federal Way, WA",,,https://wa.milesplit.com/meets/220511-todd-beamer-vs-decatur-2015/results,https://wa.milesplit.com/results?year=2015&month=10&season=outdoor&level=hs&page=3,2015,10,outdoor,hs,3
10/7,Trico League Meet,"White Salmon, WA",,,https://wa.milesplit.com/meets/220512-trico-league-meet-2015/results,https://wa.milesplit.com/results?year=2015&month=10&season=outdoor&level=hs&page=3,2015,10,outdoor,hs,3
10/7,"Tumwater, Centralia @ Black Hills",",",,,https://www.milesplit.com/meets/220513-tumwater-centralia-black-hills-2015/results,https://wa.milesplit.com/results?year=2015&month=10&season=outdoor&level=hs&page=3,2015,10,outdoor,hs,3
10/6,Adna Pirate Invitational,"Chehalis, WA",,,https://wa.milesplit.com/meets/220669-adna-pirate-invitational-2015/results,https://wa.milesplit.com/results?year=2015&month=10&season=outdoor&level=hs&page=3,2015,10,outdoor,hs,3
10/6,D7 NE 1A Freeman @ Colville,"Colville, WA",,,https://wa.milesplit.com/meets/220208-d7-ne-1a-freeman-colville-2015/results,https://wa.milesplit.com/results?year=2015&month=10&season=outdoor&level=hs&page=3,2015,10,outdoor,hs,3
10/6,District 7 1B/2B @ Wilbur,"Wilbur, WA",,,https://wa.milesplit.com/meets/220209-district-7-1b2b-wilbur-2015/results,https://wa.milesplit.com/results?year=2015&month=10&season=outdoor&level=hs&page=3,2015,10,outdoor,hs,3
10/6,Fort Vancouver vs. Prairie,",",,,https://www.milesplit.com/meets/220668-fort-vancouver-vs-prairie-2015/results,https://wa.milesplit.com/results?year=2015&month=10&season=outdoor&level=hs&page=3,2015,10,outdoor,hs,3
10/6,Kelso @ Columbia River,"Vancouver, WA",,,https://wa.milesplit.com/meets/220210-kelso-columbia-river-2015/results,https://wa.milesplit.com/results?year=2015&month=10&season=outdoor&level=hs&page=3,2015,10,outdoor,hs,3
10/6,Nisqually League Meet,"Lakewood, WA",,,https://wa.milesplit.com/meets/220212-nisqually-league-meet-2015/results,https://wa.milesplit.com/results?year=2015&month=10&season=outdoor&level=hs&page=3,2015,10,outdoor,hs,3
10/3,Can-Am Invitational,",",,,https://www.milesplit.com/meets/214296-can-am-invitational-2015/results,https://wa.milesplit.com/results?year=2015&month=10&season=outdoor&level=hs&page=3,2015,10,outdoor,hs,3
10/3,Curtis Invitational,"Tacoma, WA",,,https://wa.milesplit.com/meets/214293-curtis-invitational-2015/results,https://wa.milesplit.com/results?year=2015&month=10&season=outdoor&level=hs&page=3,2015,10,outdoor,hs,3
10/3,Evergreen 1A/2A (Tenino),"Tenino, WA",,,https://wa.milesplit.com/meets/219928-evergreen-1a2a-tenino-2015/results,https://wa.milesplit.com/results?year=2015&month=10&season=outdoor&level=hs&page=4,2015,10,outdoor,hs,4
10/3,Harvest Classic,"Longview, WA",,,https://wa.milesplit.com/meets/214297-harvest-classic-2015/results,https://wa.milesplit.com/results?year=2015&month=10&season=outdoor&level=hs&page=4,2015,10,outdoor,hs,4
10/3,Pasco Bulldog Invitational,"Pasco, WA",,,https://wa.milesplit.com/meets/214298-pasco-bulldog-invitational-2015/results,https://wa.milesplit.com/results?year=2015&month=10&season=outdoor&level=hs&page=4,2015,10,outdoor,hs,4
10/3,Sunfair Invitational,"Yakima, WA",,,https://wa.milesplit.com/meets/214294-sunfair-invitational-2015/results,https://wa.milesplit.com/results?year=2015&month=10&season=outdoor&level=hs&page=4,2015,10,outdoor,hs,4
10/3,Twilight Invitational,"Marysville, WA",,,https://wa.milesplit.com/meets/214295-twilight-invitational-2015/results,https://wa.milesplit.com/results?year=2015&month=10&season=outdoor&level=hs&page=4,2015,10,outdoor,hs,4
10/3,Wenatchee XC Invitational,"Wenatchee, WA",,,https://wa.milesplit.com/meets/214299-wenatchee-xc-invitational-2015/results,https://wa.milesplit.com/results?year=2015&month=10&season=outdoor&level=hs&page=4,2015,10,outdoor,hs,4
10/2,Hale/O'Dea/HNA/Clev/Rainier Beach,"Seattle, WA",,,https://wa.milesplit.com/meets/219930-haleodeahnaclevrainier-beach-2015/results,https://wa.milesplit.com/results?year=2015&month=10&season=outdoor&level=hs&page=4,2015,10,outdoor,hs,4
10/1,BB/CS/Garfield/Bainbridge/WS,"Seattle, WA",,,https://wa.milesplit.com/meets/219904-bbcsgarfieldbainbridgews-2015/results,https://wa.milesplit.com/results?year=2015&month=10&season=outdoor&level=hs&page=4,2015,10,outdoor,hs,4
10/1,CK @ Capital,"Olympia, WA",,,https://wa.milesplit.com/meets/219905-ck-capital-2015/results,https://wa.milesplit.com/results?year=2015&month=10&season=outdoor&level=hs&page=4,2015,10,outdoor,hs,4
10/1,Connell Invite,"Connell, WA",,,https://wa.milesplit.com/meets/219909-connell-invite-2015/results,https://wa.milesplit.com/results?year=2015&month=10&season=outdoor&level=hs&page=4,2015,10,outdoor,hs,4
10/1,Evergreen League 1A/2A Hoquiam,"Hoquiam, WA",,,https://wa.milesplit.com/meets/219906-evergreen-league-1a2a-hoquiam-2015/results,https://wa.milesplit.com/results?year=2015&month=10&season=outdoor&level=hs&page=4,2015,10,outdoor,hs,4
10/1,JW Black Lake XC Invite,"Ilwaco, WA",,,https://wa.milesplit.com/meets/219914-jw-black-lake-xc-invite-2015/results,https://wa.milesplit.com/results?year=2015&month=10&season=outdoor&level=hs&page=4,2015,10,outdoor,hs,4
,https://wa.milesplit.com/results?year=2015&month=10&season=outdoor&level=hs&page=4,,,,,,,,,,
,https://wa.milesplit.com/results?year=2015&month=10&season=outdoor&level=hs&page=4,,,,,,,,,,
10/1,"Lake Stevens, Snohomish, Oak Harbor, Monroe, Meadowdale","Lake Stevens, WA",,,https://wa.milesplit.com/meets/219907-lake-stevens-snohomish-oak-harbor-monroe-meadowdale-2015/results,https://wa.milesplit.com/results?year=2015&month=10&season=outdoor&level=hs&page=4,2015,10,outdoor,hs,4
10/1,Mt Vernon / MGHS / Shorecrest / Kamiak / MLT @ Arlington,",",,,https://www.milesplit.com/meets/219908-mt-vernon-mghs-shorecrest-kamiak-mlt-arlington-2015/results,https://wa.milesplit.com/results?year=2015&month=10&season=outdoor&level=hs&page=4,2015,10,outdoor,hs,4
10/1,SCAC Meet #1 @ Highland,"Yakima, WA",,,https://wa.milesplit.com/meets/219910-scac-meet-1-highland-2015/results,https://wa.milesplit.com/results?year=2015&month=10&season=outdoor&level=hs&page=4,2015,10,outdoor,hs,4
10/1,"Seamount Dual Kennedy, Renton, Highline at Lindbergh","SeaTac, WA",,,https://wa.milesplit.com/meets/219927-seamount-dual-kennedy-renton-highline-at-lindbergh-2015/results,https://wa.milesplit.com/results?year=2015&month=10&season=outdoor&level=hs&page=4,2015,10,outdoor,hs,4
11/21,Border Clash,"Beaverton, OR",,,https://or.milesplit.com/meets/223542-border-clash-2015/results,https://wa.milesplit.com/results?year=2015&month=11&season=outdoor&level=hs&page=1,2015,11,outdoor,hs,1
11/21,Cross Country Coaches National Youth Championships,"Lexington, KY",,,https://ky.milesplit.com/meets/215197-cross-country-coaches-national-youth-championships-2015/results,https://wa.milesplit.com/results?year=2015&month=11&season=outdoor&level=hs&page=1,2015,11,outdoor,hs,1
11/14,NACA Cross-Country Championships,"Dayton , TN",,,https://tn.milesplit.com/meets/188486-naca-cross-country-championships-2015/results,https://wa.milesplit.com/results?year=2015&month=11&season=outdoor&level=hs&page=1,2015,11,outdoor,hs,1
11/14,Nike Cross Nationals Northwest Regional,"Eagle, ID",,,https://www.milesplit.com/meets/214585-nike-cross-nationals-northwest-regional-2015/results,https://wa.milesplit.com/results?year=2015&month=11&season=outdoor&level=hs&page=1,2015,11,outdoor,hs,1
11/7,WIAA State Championship,"Pasco, WA",,,https://wa.milesplit.com/meets/222992-wiaa-state-championship-2015/results,https://wa.milesplit.com/results?year=2015&month=11&season=outdoor&level=hs&page=1,2015,11,outdoor,hs,1
12/12,USATF National Junior Olympics  Championships,"Albuquerque, NM",,,https://www.milesplit.com/meets/213058-usatf-national-junior-olympics-xc-championships-2015/results,https://wa.milesplit.com/results?year=2015&month=12&season=outdoor&level=hs&page=1,2015,12,outdoor,hs,1
"12/11
12/12",Foot Locker Nationals,"San Diego, CA",,,https://www.milesplit.com/meets/213837-foot-locker-nationals-2015/results,https://wa.milesplit.com/results?year=2015&month=12&season=outdoor&level=hs&page=1,2015,12,outdoor,hs,1
12/6,Hub City Indoor Preview,"Centralia, WA",,,https://wa.milesplit.com/meets/224769-hub-city-indoor-preview-2016/results,https://wa.milesplit.com/results?year=2015&month=12&season=outdoor&level=hs&page=1,2015,12,outdoor,hs,1
12/5,AAU National Championships,"Moulton, AL",,,https://www.milesplit.com/meets/224589-aau-national-championships-2015/results,https://wa.milesplit.com/results?year=2015&month=12&season=outdoor&level=hs&page=1,2015,12,outdoor,hs,1
12/5,Nike Cross Nationals,"Portland, OR",,,https://www.milesplit.com/meets/213838-nike-cross-nationals-2015/results,https://wa.milesplit.com/results?year=2015&month=12&season=outdoor&level=hs&page=1,2015,12,outdoor,hs,1
